Date,DailyRet,Signal,Mode,AdjClose,PxExec,BuyAmt,Fee,SharesBought,CashFlow,CumCashFlow,CumShares,Equity,CashBalance,NAV,CumInvested,Drawdown,NAVReturn,NAVReturn_global,NAVReturn_baselined,ROI_base,PortfolioReturn,PositionCost,UnrealizedPnl,Profit,NAV_including_invested,TP_triggered,SL_triggered,SharesSold,SellPrice,GrossProceeds,SellFee,NetProceeds,RealizedPnl,PostSellCumShares,WeightedAvgEntryPrice,PositionReturn,PortfolioReturnRatio,TP_SellPrice,TP_EntryResetPrice
2025-01-23 00:00:00-05:00,,0,shares,87.7503890991211,87.86446460494996,0.0,0.0,0.0,0.0,0.0,0.0,0.0,0.0,0.0,0.0,0.0,0.0,0.0,,,0.0,0.0,0.0,0.0,0.0,False,False,0.0,0.0,0.0,0.0,0.0,0.0,0.0,,,,,
2025-01-24 00:00:00-05:00,-0.01799859654540814,0,shares,86.17100524902344,86.28302755584717,0.0,0.0,0.0,0.0,0.0,0.0,0.0,0.0,0.0,0.0,0.0,0.0,0.0,,,0.0,0.0,0.0,0.0,0.0,False,False,0.0,0.0,0.0,0.0,0.0,0.0,0.0,,,,,
2025-01-27 00:00:00-05:00,-0.08772329021481584,1,shares,78.61180114746094,78.71399648895265,78.71399648895265,0.6297119719116212,1.0,-79.34370846086426,-79.34370846086426,1.0,78.61180114746094,0.0,78.61180114746094,79.34370846086426,0.0,-0.00922451606562269,-0.00922451606562269,0.0,78.61180114746094,-0.00922451606562269,79.34370846086426,-0.731907313403326,-0.731907313403326,78.61180114746094,False,False,0.0,0.0,0.0,0.0,0.0,0.0,1.0,,,0.9907754839343773,,
2025-01-28 00:00:00-05:00,0.044351669664588034,0,shares,82.0983657836914,82.2050936592102,0.0,0.0,0.0,0.0,-79.34370846086426,1.0,82.0983657836914,0.0,82.0983657836914,79.34370846086426,0.0,0.03471803090960712,0.03471803090960712,0.044351669664588034,78.61180114746094,0.03471803090960712,79.34370846086426,2.7546573228271427,2.7546573228271427,82.0983657836914,False,False,0.0,0.0,0.0,0.0,0.0,0.0,1.0,79.34370846086426,0.03471803090960712,1.0347180309096071,,
2025-01-29 00:00:00-05:00,-0.006170546661181331,0,shares,81.5917739868164,81.69784329299928,0.0,0.0,0.0,0.0,-79.34370846086426,1.0,81.5917739868164,0.0,81.5917739868164,79.34370846086426,-0.006170546661181442,0.028333255018713643,0.028333255018713643,0.0379074489562401,78.61180114746094,0.028333255018713643,79.34370846086426,2.2480655259521427,2.2480655259521427,81.5917739868164,False,False,0.0,0.0,0.0,0.0,0.0,0.0,1.0,79.34370846086426,0.028333255018713643,1.0283332550187136,,
2025-01-30 00:00:00-05:00,0.012539556928735651,0,shares,82.61489868164062,82.72229804992676,0.0,0.0,0.0,0.0,-79.34370846086426,1.0,82.61489868164062,0.0,82.61489868164062,79.34370846086426,0.0,0.04122809841173303,0.04122809841173303,0.05092234849918564,78.61180114746094,0.04122809841173303,79.34370846086426,3.2711902207763615,3.2711902207763615,82.61489868164062,False,False,0.0,0.0,0.0,0.0,0.0,0.0,1.0,79.34370846086426,0.04122809841173303,1.041228098411733,,
2025-01-31 00:00:00-05:00,-0.005410537008819327,0,shares,82.16790771484375,82.27472599487305,0.0,0.0,0.0,0.0,-79.34370846086426,1.0,82.16790771484375,0.0,82.16790771484375,79.34370846086426,-0.005410537008819327,0.035594495250653724,0.035594495250653724,0.045236294239235475,78.61180114746094,0.035594495250653724,79.34370846086426,2.8241992539794865,2.8241992539794865,82.16790771484375,False,False,0.0,0.0,0.0,0.0,0.0,0.0,1.0,79.34370846086426,0.035594495250653724,1.0355944952506537,,
2025-02-03 00:00:00-05:00,-0.02417800628268829,0,shares,80.1812515258789,80.28548715286256,0.0,0.0,0.0,0.0,-79.34370846086426,1.0,80.1812515258789,0.0,80.1812515258789,79.34370846086426,-0.029457727293715763,0.010555885038165957,0.010555885038165957,0.019964564550225328,78.61180114746094,0.010555885038165957,79.34370846086426,0.8375430650146427,0.8375430650146427,80.1812515258789,False,False,0.0,0.0,0.0,0.0,0.0,0.0,1.0,79.34370846086426,0.010555885038165957,1.010555885038166,,
2025-02-04 00:00:00-05:00,0.03629843312494763,0,shares,83.09170532226562,83.19972453918457,0.0,0.0,0.0,0.0,-79.34370846086426,1.0,83.09170532226562,0.0,83.09170532226562,79.34370846086426,0.0,0.04723748025024621,0.04723748025024621,0.05698768008636801,78.61180114746094,0.04723748025024621,79.34370846086426,3.7479968614013615,3.7479968614013615,83.09170532226562,False,False,0.0,0.0,0.0,0.0,0.0,0.0,1.0,79.34370846086426,0.04723748025024621,1.0472374802502462,,
2025-02-05 00:00:00-05:00,0.01303030503362601,0,shares,84.1744155883789,84.2838423286438,0.0,0.0,0.0,0.0,-79.34370846086426,1.0,84.1744155883789,0.0,84.1744155883789,79.34370846086426,0.0,0.060883304060552756,0.060883304060552756,0.07076055197467812,78.61180114746094,0.060883304060552756,79.34370846086426,4.830707127514643,4.830707127514643,84.1744155883789,False,False,0.0,0.0,0.0,0.0,0.0,0.0,1.0,79.34370846086426,0.060883304060552756,1.0608833040605528,,
2025-02-06 00:00:00-05:00,0.014987162497216211,0,shares,85.43595123291016,85.54701796951295,0.0,0.0,0.0,0.0,-79.34370846086426,1.0,85.43595123291016,0.0,85.43595123291016,79.34370846086426,0.0,0.0767829345290918,0.0767829345290918,0.08680821436273156,78.61180114746094,0.0767829345290918,79.34370846086426,6.092242772045893,6.092242772045893,85.43595123291016,False,False,0.0,0.0,0.0,0.0,0.0,0.0,1.0,79.34370846086426,0.0767829345290918,1.0767829345290918,,
2025-02-07 00:00:00-05:00,-0.03813520688614058,0,shares,82.1778335571289,82.28466474075319,0.0,0.0,0.0,0.0,-79.34370846086426,1.0,82.1778335571289,0.0,82.1778335571289,79.34370846086426,-0.03813520688614058,0.03571959454935936,0.03571959454935936,0.045362558262451724,78.61180114746094,0.03571959454935936,79.34370846086426,2.8341250962646427,2.8341250962646427,82.1778335571289,False,False,0.0,0.0,0.0,0.0,0.0,0.0,1.0,79.34370846086426,0.03571959454935936,1.0357195945493594,,
2025-02-10 00:00:00-05:00,0.03517468274000346,0,shares,85.06841278076172,85.17900171737672,0.0,0.0,0.0,0.0,-79.34370846086426,1.0,85.06841278076172,0.0,85.06841278076172,79.34370846086426,-0.0043019179495815685,0.07215070269523793,0.07215070269523793,0.08213285459761188,78.61180114746094,0.07215070269523793,79.34370846086426,5.724704319897455,5.724704319897455,85.06841278076172,False,False,0.0,0.0,0.0,0.0,0.0,0.0,1.0,79.34370846086426,0.07215070269523793,1.072150702695238,,
2025-02-11 00:00:00-05:00,-0.007122814378040299,0,shares,84.46248626708984,84.57228749923706,0.0,0.0,0.0,0.0,-79.34370846086426,1.0,84.46248626708984,0.0,84.46248626708984,79.34370846086426,-0.011394090564597392,0.06451397225465438,0.06451397225465438,0.07442502314193411,78.61180114746094,0.06451397225465438,79.34370846086426,5.11877780622558,5.11877780622558,84.46248626708984,False,False,0.0,0.0,0.0,0.0,0.0,0.0,1.0,79.34370846086426,0.06451397225465438,1.0645139722546544,,
2025-02-12 00:00:00-05:00,0.001999247199830023,0,shares,84.63134765625,84.74136840820313,0.0,0.0,0.0,0.0,-79.34370846086426,1.0,84.63134765625,0.0,84.63134765625,79.34370846086426,-0.009417622968423411,0.06664219883286426,0.06664219883286426,0.07657306436087796,78.61180114746094,0.06664219883286426,79.34370846086426,5.2876391953857365,5.2876391953857365,84.63134765625,False,False,0.0,0.0,0.0,0.0,0.0,0.0,1.0,79.34370846086426,0.06664219883286426,1.0666421988328643,,
2025-02-13 00:00:00-05:00,0.04213625054089132,0,shares,88.19739532470703,88.31205193862915,0.0,0.0,0.0,0.0,-79.34370846086426,1.0,88.19739532470703,0.0,88.19739532470703,79.34370846086426,0.0,0.11158650176037321,0.11158650176037321,0.12193581672636311,78.61180114746094,0.11158650176037321,79.34370846086426,8.853686863842768,8.853686863842768,88.19739532470703,False,False,0.0,0.0,0.0,0.0,0.0,0.0,1.0,79.34370846086426,0.11158650176037321,1.1115865017603732,,
2025-02-14 00:00:00-05:00,0.011713023527515798,0,shares,89.23045349121094,89.34645308074951,0.0,0.0,0.0,0.0,-79.34370846086426,1.0,89.23045349121094,0.0,89.23045349121094,79.34370846086426,0.0,0.1246065406083614,0.1246065406083614,0.1350770773440415,78.61180114746094,0.1246065406083614,79.34370846086426,9.886745030346674,9.886745030346674,89.23045349121094,False,False,0.0,0.0,0.0,0.0,0.0,0.0,1.0,79.34370846086426,0.1246065406083614,1.1246065406083614,,
2025-02-18 00:00:00-05:00,0.0062339608677235425,0,shares,89.78671264648438,89.90343537292482,0.0,0.0,0.0,0.0,-79.34370846086426,1.0,89.78671264648438,0.0,89.78671264648438,79.34370846086426,0.0,0.13161729377410003,0.13161729377410003,0.14215310342605436,78.61180114746094,0.13161729377410003,79.34370846086426,10.443004185620111,10.443004185620111,89.78671264648438,False,False,0.0,0.0,0.0,0.0,0.0,0.0,1.0,79.34370846086426,0.13161729377410003,1.1316172937741,,
2025-02-19 00:00:00-05:00,0.00011063409481093522,0,shares,89.79664611816406,89.91338175811768,0.0,0.0,0.0,0.0,-79.34370846086426,1.0,89.79664611816406,0.0,89.79664611816406,79.34370846086426,0.0,0.13174248922906906,0.13174248922906906,0.14227946450078743,78.61180114746094,0.13174248922906906,79.34370846086426,10.452937657299799,10.452937657299799,89.79664611816406,False,False,0.0,0.0,0.0,0.0,0.0,0.0,1.0,79.34370846086426,0.13174248922906906,1.131742489229069,,
2025-02-20 00:00:00-05:00,-0.012168149299743303,0,shares,88.70398712158203,88.8193023048401,0.0,0.0,0.0,0.0,-79.34370846086426,1.0,88.70398712158203,0.0,88.70398712158203,79.34370846086426,-0.012168149299743192,0.11797127765126669,0.11797127765126669,0.12838003743471105,78.61180114746094,0.11797127765126669,79.34370846086426,9.360278660717768,9.360278660717768,88.70398712158203,False,False,0.0,0.0,0.0,0.0,0.0,0.0,1.0,79.34370846086426,0.11797127765126669,1.1179712776512667,,
2025-02-21 00:00:00-05:00,-0.06259795955983383,1,shares,83.15129852294922,83.25939521102906,83.25939521102906,0.6660751616882324,1.0,-83.92547037271729,-163.26917883358155,2.0,166.30259704589844,0.0,166.30259704589844,163.26917883358155,-0.09999027558118234,0.018579245844121184,0.018579245844121184,1.1154914989664984,78.61180114746094,0.018579245844121184,163.26917883358155,3.0334182123168887,3.0334182123168887,166.30259704589844,False,False,0.0,0.0,0.0,0.0,0.0,0.0,2.0,,,1.0185792458441212,,
2025-02-24 00:00:00-05:00,-0.03595751351501131,0,shares,80.16138458251953,80.2655943824768,0.0,0.0,0.0,0.0,-163.26917883358155,2.0,160.32276916503906,0.0,160.32276916503906,163.26917883358155,-0.13235238741061361,-0.018046331154428885,-0.018046331154428885,1.0394236848015188,78.61180114746094,-0.018046331154428885,163.26917883358155,-2.9464096685424863,-2.9464096685424863,160.32276916503906,False,False,0.0,0.0,0.0,0.0,0.0,0.0,2.0,81.63458941679077,-0.018046331154428885,0.9819536688455711,,
2025-02-25 00:00:00-05:00,-0.038165919904352474,0,shares,77.1019515991211,77.20218413619996,0.0,0.0,0.0,0.0,-163.26917883358155,2.0,154.2039031982422,0.0,154.2039031982422,163.26917883358155,-0.1654669566979028,-0.055523496229374025,-0.055523496229374025,0.9615872037963447,78.61180114746094,-0.055523496229374025,163.26917883358155,-9.065275635339361,-9.065275635339361,154.2039031982422,False,False,0.0,0.0,0.0,0.0,0.0,0.0,2.0,81.63458941679077,-0.055523496229374025,0.944476503770626,,
2025-02-26 00:00:00-05:00,0.006441579167510536,0,shares,77.5986099243164,77.69948811721802,0.0,0.0,0.0,0.0,-163.26917883358155,2.0,155.1972198486328,0.0,155.1972198486328,163.26917883358155,-0.16009124603156877,-0.04943957605848193,-0.04943957605848193,0.9742229230635748,78.61180114746094,-0.04943957605848193,163.26917883358155,-8.071958984948736,-8.071958984948736,155.1972198486328,False,False,0.0,0.0,0.0,0.0,0.0,0.0,2.0,81.63458941679077,-0.04943957605848193,0.9505604239415181,,
2025-02-27 00:00:00-05:00,-0.08294932506669694,1,shares,71.16185760498047,71.25436801986694,71.25436801986694,0.5700349441589355,1.0,-71.82440296402588,-235.09358179760744,3.0,213.4855728149414,0.0,213.4855728149414,235.09358179760744,-0.19761992181842314,-0.09191237301096722,-0.09191237301096722,1.7156936960963747,78.61180114746094,-0.09191237301096722,235.09358179760744,-21.608008982666036,-21.608008982666036,213.4855728149414,False,False,0.0,0.0,0.0,0.0,0.0,0.0,3.0,,,0.9080876269890328,,
2025-02-28 00:00:00-05:00,0.04578449967498721,0,shares,74.41996765136719,74.51671360931397,0.0,0.0,0.0,0.0,-235.09358179760744,3.0,223.25990295410156,0.0,223.25990295410156,235.09358179760744,-0.16088335138970256,-0.05033603534822795,-0.05033603534822795,1.840030373242664,78.61180114746094,-0.05033603534822795,235.09358179760744,-11.83367884350588,-11.83367884350588,223.25990295410156,False,False,0.0,0.0,0.0,0.0,0.0,0.0,3.0,78.36452726586914,-0.05033603534822784,0.949663964651772,,
2025-03-03 00:00:00-05:00,-0.06460230046541171,1,shares,69.61226654052734,69.70276248703003,69.70276248703003,0.5576220998962402,1.0,-70.26038458692626,-305.3539663845337,4.0,278.4490661621094,0.0,278.4490661621094,305.3539663845337,-0.19426064025453782,-0.08811053133183422,-0.08811053133183422,2.5420771703193945,78.61180114746094,-0.08811053133183422,305.3539663845337,-26.904900222424317,-26.904900222424317,278.4490661621094,False,False,0.0,0.0,0.0,0.0,0.0,0.0,4.0,,,0.9118894686681658,,
2025-03-04 00:00:00-05:00,-0.01098746095419234,0,shares,68.84740447998047,68.93690610580445,0.0,0.0,0.0,0.0,-305.3539663845337,4.0,275.3896179199219,0.0,275.3896179199219,305.3539663845337,-0.20311367000899705,-0.09812988126336497,-0.09812988126336497,2.503158735713774,78.61180114746094,-0.09812988126336497,305.3539663845337,-29.964348464611817,-29.964348464611817,275.3896179199219,False,False,0.0,0.0,0.0,0.0,0.0,0.0,4.0,76.33849159613342,-0.09812988126336497,0.901870118736635,,
2025-03-05 00:00:00-05:00,0.03895548376894542,0,shares,71.52938842773438,71.62237663269043,0.0,0.0,0.0,0.0,-305.3539663845337,4.0,286.1175537109375,0.0,286.1175537109375,305.3539663845337,-0.17207057751533794,-0.06299709449122293,-0.06299709449122293,2.6396259789829117,78.61180114746094,-0.06299709449122293,305.3539663845337,-19.236412673596192,-19.236412673596192,286.1175537109375,False,False,0.0,0.0,0.0,0.0,0.0,0.0,4.0,76.33849159613342,-0.06299709449122293,0.9370029055087771,,
2025-03-06 00:00:00-05:00,-0.08290523172097486,1,shares,65.59922790527344,65.6845069015503,65.6845069015503,0.5254760552124024,1.0,-66.2099829567627,-371.5639493412964,5.0,327.9961395263672,0.0,327.9961395263672,371.5639493412964,-0.22001268313106637,-0.11725521243965042,-0.11725521243965042,3.172352429772067,78.61180114746094,-0.11725521243965042,371.5639493412964,-43.567809814929205,-43.567809814929205,327.9961395263672,False,False,0.0,0.0,0.0,0.0,0.0,0.0,5.0,,,0.8827447875603496,,
2025-03-07 00:00:00-05:00,0.02074498657978352,0,shares,66.9600830078125,67.04713111572266,0.0,0.0,0.0,0.0,-371.5639493412964,5.0,334.8004150390625,0.0,334.8004150390625,371.5639493412964,-0.20383185671021897,-0.09894268366833703,-0.09894268366833703,3.258907824933816,78.61180114746094,-0.09894268366833703,371.5639493412964,-36.76353430223389,-36.76353430223389,334.8004150390625,False,False,0.0,0.0,0.0,0.0,0.0,0.0,5.0,74.31278986825927,-0.09894268366833692,0.901057316331663,,
2025-03-10 00:00:00-04:00,-0.1127428505278586,1,shares,59.41081237792969,59.488046434021,59.488046434021,0.475904371472168,1.0,-59.96395080549317,-431.52790014678953,6.0,356.4648742675781,0.0,356.4648742675781,431.52790014678953,-0.270105249211229,-0.1739470978670853,-0.1739470978670853,3.53449569993845,78.61180114746094,-0.1739470978670853,431.52790014678953,-75.06302587921141,-75.06302587921141,356.4648742675781,False,False,0.0,0.0,0.0,0.0,0.0,0.0,6.0,,,0.8260529021329147,,
2025-03-11 00:00:00-04:00,-0.011703659927567278,0,shares,58.71548843383789,58.79181856880189,0.0,0.0,0.0,0.0,-431.52790014678953,6.0,352.29293060302734,0.0,352.29293060302734,431.52790014678953,-0.27864768915737737,-0.18361494011582902,-0.18361494011582902,3.4814255043233535,78.61180114746094,-0.18361494011582902,431.52790014678953,-79.23496954376219,-79.23496954376219,352.29293060302734,False,False,0.0,0.0,0.0,0.0,0.0,0.0,6.0,71.9213166911316,-0.18361494011582902,0.816385059884171,,
2025-03-12 00:00:00-04:00,0.03417352995693257,0,shares,60.72200393676758,60.800942541885384,0.0,0.0,0.0,0.0,-431.52790014678953,6.0,364.33202362060547,0.0,364.33202362060547,431.52790014678953,-0.2539965343532944,-0.1557161808154851,-0.1557161808154851,3.63457163304511,78.61180114746094,-0.1557161808154851,431.52790014678953,-67.19587652618407,-67.19587652618407,364.33202362060547,False,False,0.0,0.0,0.0,0.0,0.0,0.0,6.0,71.9213166911316,-0.1557161808154851,0.8442838191845149,,
2025-03-13 00:00:00-04:00,-0.054637641162542105,1,shares,57.404296875,57.478922460937504,57.478922460937504,0.45983137968750004,1.0,-57.938753840625004,-489.46665398741453,7.0,401.830078125,0.0,401.830078125,489.46665398741453,-0.27460975495262263,-0.17904503840759678,-0.17904503840759678,4.11157449975281,78.61180114746094,-0.17904503840759678,489.46665398741453,-87.63657586241453,-87.63657586241453,401.830078125,False,False,0.0,0.0,0.0,0.0,0.0,0.0,7.0,,,0.8209549615924032,,
2025-03-14 00:00:00-04:00,0.07094646320302123,0,shares,61.4769287109375,61.556848718261726,0.0,0.0,0.0,0.0,-489.46665398741453,7.0,430.3385009765625,0.0,430.3385009765625,489.46665398741453,-0.22314588262453827,-0.12080118743364354,-0.12080118743364354,4.474222631909025,78.61180114746094,-0.12080118743364354,489.46665398741453,-59.12815301085203,-59.12815301085203,430.3385009765625,False,False,0.0,0.0,0.0,0.0,0.0,0.0,7.0,69.92380771248779,-0.12080118743364354,0.8791988125663565,,
2025-03-17 00:00:00-04:00,0.019389285352617858,0,shares,62.668922424316406,62.750392023468024,0.0,0.0,0.0,0.0,-489.46665398741453,7.0,438.68245697021484,0.0,438.68245697021484,489.46665398741453,-0.2080832364653895,-0.10375415077511185,-0.10375415077511185,4.580363896602867,78.61180114746094,-0.10375415077511185,489.46665398741453,-50.78419701719969,-50.78419701719969,438.68245697021484,False,False,0.0,0.0,0.0,0.0,0.0,0.0,7.0,69.92380771248779,-0.10375415077511174,0.8962458492248881,,
2025-03-18 00:00:00-04:00,-0.050404235817232745,1,shares,59.5101432800293,59.58750646629334,59.58750646629334,0.47670005173034674,1.0,-60.06420651802369,-549.5308605054382,8.0,476.0811462402344,0.0,476.0811462402344,549.5308605054382,-0.23450690886701608,-0.13365894355350216,-0.13365894355350216,5.0561027643571705,78.61180114746094,-0.13365894355350216,549.5308605054382,-73.44971426520385,-73.44971426520385,476.0811462402344,False,False,0.0,0.0,0.0,0.0,0.0,0.0,8.0,,,0.8663410564464978,,
2025-03-19 00:00:00-04:00,0.03889167766597246,0,shares,61.82459259033203,61.90496456069947,0.0,0.0,0.0,0.0,-549.5308605054382,8.0,494.59674072265625,0.0,494.59674072265625,549.5308605054382,-0.2047355983111433,-0.09996548643738701,-0.09996548643738701,5.291634760980554,78.61180114746094,-0.09996548643738701,549.5308605054382,-54.93411978278198,-54.93411978278198,494.59674072265625,False,False,0.0,0.0,0.0,0.0,0.0,0.0,8.0,68.69135756317978,-0.09996548643738701,0.900034513562613,,
2025-03-20 00:00:00-04:00,-0.010282751605391938,0,shares,61.188865661621094,61.268411186981204,0.0,0.0,0.0,0.0,-549.5308605054382,8.0,489.51092529296875,0.0,489.51092529296875,549.5308605054382,-0.21291310461432045,-0.1092203177766311,-0.1092203177766311,5.226939443541542,78.61180114746094,-0.1092203177766311,549.5308605054382,-60.01993521246948,-60.01993521246948,489.51092529296875,False,False,0.0,0.0,0.0,0.0,0.0,0.0,8.0,68.69135756317978,-0.1092203177766311,0.8907796822233689,,
2025-03-21 00:00:00-04:00,0.009415538144126323,0,shares,61.764991760253906,61.84528624954224,0.0,0.0,0.0,0.0,-549.5308605054382,8.0,494.11993408203125,0.0,494.11993408203125,549.5308605054382,-0.20550225792807453,-0.10083314770064422,-0.10083314770064422,5.285569429393372,78.61180114746094,-0.10083314770064422,549.5308605054382,-55.41092642340698,-55.41092642340698,494.11993408203125,False,False,0.0,0.0,0.0,0.0,0.0,0.0,8.0,68.69135756317978,-0.10083314770064422,0.8991668522993558,,
2025-03-24 00:00:00-04:00,0.06352526371842893,0,shares,65.68862915039062,65.77402436828613,0.0,0.0,0.0,0.0,-549.5308605054382,8.0,525.509033203125,0.0,525.509033203125,549.5308605054382,-0.15503157933925915,-0.043713336281458015,-0.043713336281458015,5.684861885016081,78.61180114746094,-0.043713336281458015,549.5308605054382,-24.021827302313227,-24.021827302313227,525.509033203125,False,False,0.0,0.0,0.0,0.0,0.0,0.0,8.0,68.69135756317978,-0.043713336281458015,0.956286663718542,,
2025-03-25 00:00:00-04:00,0.017843678353159254,0,shares,66.86075592041016,66.9476749031067,0.0,0.0,0.0,0.0,-549.5308605054382,8.0,534.8860473632812,0.0,534.8860473632812,549.5308605054382,-0.13995423462241185,-0.02664966464064855,-0.02664966464064855,5.804144410327601,78.61180114746094,-0.02664966464064855,549.5308605054382,-14.644813142156977,-14.644813142156977,534.8860473632812,False,False,0.0,0.0,0.0,0.0,0.0,0.0,8.0,68.69135756317978,-0.02664966464064855,0.9733503353593514,,
2025-03-26 00:00:00-04:00,-0.055608540032701326,1,shares,63.14272689819336,63.224812443161014,63.224812443161014,0.5057984995452881,1.0,-63.7306109427063,-613.2614714481446,9.0,568.2845420837402,0.0,568.2845420837402,613.2614714481446,-0.18120997864637134,-0.07334054307732163,-0.07334054307732163,6.228997857684821,78.61180114746094,-0.07334054307732163,613.2614714481446,-44.97692936440433,-44.97692936440433,568.2845420837402,False,False,0.0,0.0,0.0,0.0,0.0,0.0,9.0,,,0.9266594569226784,,
2025-03-27 00:00:00-04:00,-0.017040097962318312,0,shares,62.066768646240234,62.147455445480354,0.0,0.0,0.0,0.0,-613.2614714481446,9.0,558.6009178161621,0.0,558.6009178161621,613.2614714481446,-0.1951622408208059,-0.0891309110009928,-0.0891309110009928,6.105815026020482,78.61180114746094,-0.0891309110009928,613.2614714481446,-54.66055363198245,-54.66055363198245,558.6009178161621,False,False,0.0,0.0,0.0,0.0,0.0,0.0,9.0,68.14016349423828,-0.08913091100099269,0.9108690889990072,,
2025-03-28 00:00:00-04:00,-0.07961479324057241,1,shares,57.125335693359375,57.19959862976075,57.19959862976075,0.45759678903808604,1.0,-57.657195418798835,-670.9186668669433,10.0,571.2533569335938,0.0,571.2533569335938,670.9186668669433,-0.24766499588126611,-0.14855050970450223,-0.14855050970450223,6.266763368797899,78.61180114746094,-0.14855050970450223,670.9186668669433,-99.66530993334959,-99.66530993334959,571.2533569335938,False,False,0.0,0.0,0.0,0.0,0.0,0.0,10.0,,,0.8514494902954978,,
2025-03-31 00:00:00-04:00,-0.0006975596231174608,0,shares,57.085487365722656,57.1596984992981,0.0,0.0,0.0,0.0,-670.9186668669433,10.0,570.8548736572266,0.0,570.8548736572266,670.9186668669433,-0.24818979440319733,-0.14914444649005631,-0.14914444649005631,6.261694368081076,78.61180114746094,-0.14914444649005631,670.9186668669433,-100.06379320971678,-100.06379320971678,570.8548736572266,False,False,0.0,0.0,0.0,0.0,0.0,0.0,10.0,67.09186668669433,-0.14914444649005631,0.8508555535099437,,
2025-04-01 00:00:00-04:00,0.02303667223580308,0,shares,58.40054702758789,58.47646773872376,0.0,0.0,0.0,0.0,-670.9186668669433,10.0,584.0054702758789,0.0,584.0054702758789,670.9186668669433,-0.23087058911333191,-0.12954356598383487,-0.12954356598383487,6.428979641115138,78.61180114746094,-0.12954356598383487,670.9186668669433,-86.91319659106443,-86.91319659106443,584.0054702758789,False,False,0.0,0.0,0.0,0.0,0.0,0.0,10.0,67.09186668669433,-0.12954356598383487,0.8704564340161651,,
2025-04-02 00:00:00-04:00,0.022347319315192404,0,shares,59.70564270019531,59.783260035705574,0.0,0.0,0.0,0.0,-670.9186668669433,10.0,597.0564270019531,0.0,597.0564270019531,670.9186668669433,-0.2136826085735417,-0.1100911981029119,-0.1100911981029119,6.594997421341201,78.61180114746094,-0.1100911981029119,670.9186668669433,-73.86223986499022,-73.86223986499022,597.0564270019531,False,False,0.0,0.0,0.0,0.0,0.0,0.0,10.0,67.09186668669433,-0.1100911981029119,0.8899088018970881,,
2025-04-03 00:00:00-04:00,-0.16068746487551722,1,shares,50.1116943359375,50.17683953857422,50.17683953857422,0.40141471630859377,1.0,-50.578254254882815,-721.4969211218262,11.0,551.2286376953125,0.0,551.2286376953125,721.4969211218262,-0.3249286623152412,-0.23599308388145368,-0.23599308388145368,6.012034193966773,78.61180114746094,-0.23599308388145368,721.4969211218262,-170.26828342651368,-170.26828342651368,551.2286376953125,False,False,0.0,0.0,0.0,0.0,0.0,0.0,11.0,,,0.7640069161185463,,
2025-04-04 00:00:00-04:00,-0.1831014092055101,1,shares,40.93617248535156,40.98938950958252,40.98938950958252,0.3279151160766602,1.0,-41.31730462565918,-762.8142257474854,12.0,491.23406982421875,0.0,491.23406982421875,762.8142257474854,-0.4309871485049631,-0.3560239790456764,-0.3560239790456764,5.248859110895527,78.61180114746094,-0.3560239790456764,762.8142257474854,-271.5801559232666,-271.5801559232666,491.23406982421875,False,False,0.0,0.0,0.0,0.0,0.0,0.0,12.0,,,0.6439760209543236,,
2025-04-07 00:00:00-04:00,0.0038938896888429664,0,shares,41.09557342529297,41.14899767074585,0.0,0.0,0.0,122.14143595920409,-518.5313538290773,9.0,369.8601608276367,244.2828719184081,614.1430327460448,762.8142257474854,-0.4287714752297075,-0.19489829631291544,-0.19489829631291544,0.24825414542734037,492.00159678684076,-0.3535164074578202,572.110669310614,-202.25050848297724,-148.67119300144054,614.1430327460448,False,True,3.0,41.04214917984009,123.12644753952026,0.9850115803161621,122.14143595920409,-68.56212047766725,9.0,63.56785214562378,-0.3535164074578203,0.6464835925421798,,41.37048637327881
2025-04-08 00:00:00-04:00,-0.05696968279278547,1,shares,38.754371643066406,38.8047523262024,38.8047523262024,0.31043801860961917,1.0,-39.115190344812014,-557.6465441738893,10.0,387.54371643066406,244.2828719184081,631.8265883490722,801.9294160922974,-0.4397635534971158,-0.21211695734035452,-0.21211695734035452,0.2841962149623072,492.00159678684076,-0.3659566094779777,611.225859655426,-223.68214322476194,-170.10282774322525,631.8265883490722,False,False,0.0,0.0,0.0,0.0,0.0,0.0,10.0,,,0.6340433905220223,,
2025-04-09 00:00:00-04:00,0.35244220376631064,0,shares,52.413047790527344,52.48118475265503,0.0,0.0,0.0,0.0,-557.6465441738893,10.0,524.1304779052734,244.2828719184081,768.4133498236815,801.9294160922974,-0.24231258566143266,-0.04179428462910806,-0.04179428462910806,0.5618106828149094,492.00159678684076,-0.14249295963893271,611.225859655426,-87.09538175015257,-33.51606626861587,768.4133498236815,False,False,0.0,0.0,0.0,0.0,0.0,0.0,10.0,41.14495677043213,0.27386323633696863,0.8575070403610673,,
2025-04-10 00:00:00-04:00,-0.12298047870684259,1,shares,45.96726608276367,46.027023528671265,46.027023528671265,0.36821618822937013,1.0,-46.39523971690063,-604.0417838907899,11.0,505.6399269104004,244.2828719184081,749.9227988288085,848.324655809198,-0.3206117991750921,-0.11599551693629151,-0.11599551693629151,0.5242283840670376,492.00159678684076,-0.23110750644556,657.6210993723266,-151.98117246192623,-98.40185698038954,749.9227988288085,False,False,0.0,0.0,0.0,0.0,0.0,0.0,11.0,,,0.76889249355444,,
2025-04-11 00:00:00-04:00,0.05288263286695316,0,shares,48.398136138916016,48.46105371589661,0.0,0.0,0.0,0.0,-604.0417838907899,11.0,532.3794975280762,244.2828719184081,776.6623694464843,848.324655809198,-0.28468396237672855,-0.08447507198097015,-0.08447507198097015,0.5785769284463775,492.00159678684076,-0.19044644699476432,657.6210993723266,-125.24160184425045,-71.66228636271376,776.6623694464843,False,False,0.0,0.0,0.0,0.0,0.0,0.0,11.0,41.622255220111086,0.162794660764344,0.8095535530052357,,
2025-04-14 00:00:00-04:00,0.02099614566746011,0,shares,49.414310455322266,49.47854905891419,0.0,0.0,0.0,0.0,-604.0417838907899,11.0,543.5574150085449,244.2828719184081,787.840286926953,848.324655809198,-0.26966508265251987,-0.07129861011118477,-0.07129861011118477,0.6012961991834431,492.00159678684076,-0.17344894267025646,657.6210993723266,-114.0636843637817,-60.48436888224501,787.840286926953,False,False,0.0,0.0,0.0,0.0,0.0,0.0,11.0,41.622255220111086,0.18720886684309712,0.8265510573297435,,
2025-04-15 00:00:00-04:00,0.003830807728932406,0,shares,49.603607177734375,49.668091867065435,0.0,0.0,0.0,0.0,-604.0417838907899,11.0,545.6396789550781,244.2828719184081,789.9225508734862,848.324655809198,-0.26686731000643604,-0.06884404989974424,-0.06884404989974424,0.6055284292415,492.00159678684076,-0.17028258449148048,657.6210993723266,-111.9814204172485,-58.402104935711805,789.9225508734862,False,False,0.0,0.0,0.0,0.0,0.0,0.0,11.0,41.622255220111086,0.19175683574605662,0.8297174155085195,,
2025-04-16 00:00:00-04:00,-0.09037967935494473,1,shares,45.12044906616211,45.17910564994813,45.17910564994813,0.361432845199585,1.0,-45.540538495147715,-649.5823223859377,12.0,541.4453887939453,244.2828719184081,785.7282607123534,893.8651943043458,-0.3196194823068941,-0.12097678070589868,-0.12097678070589868,0.5970034769069448,492.00159678684076,-0.22998445928304168,703.1616378674744,-161.71624907352907,-108.13693359199237,785.7282607123534,False,False,0.0,0.0,0.0,0.0,0.0,0.0,12.0,,,0.7700155407169583,,
2025-04-17 00:00:00-04:00,-0.0028703789422690473,0,shares,44.990936279296875,45.04942449645996,0.0,0.0,0.0,0.0,-649.5823223859377,12.0,539.8912353515625,244.2828719184081,784.1741072699706,893.8651943043458,-0.32157243221761056,-0.12271546955102408,-0.12271546955102408,0.5938446386988319,492.00159678684076,-0.23219469567633555,703.1616378674744,-163.27040251591188,-109.69108703437519,784.1741072699706,False,False,0.0,0.0,0.0,0.0,0.0,0.0,12.0,41.94877882636414,0.07252076313174549,0.7678053043236645,,
2025-04-21 00:00:00-04:00,-0.07307346111243385,1,shares,41.70329284667969,41.75750712738037,41.75750712738037,0.33406005701904296,1.0,-42.091567184399416,-691.6738895703371,13.0,542.1428070068359,244.2828719184081,786.425678925244,935.9567614887452,-0.35722019045691666,-0.15976281033074125,-0.15976281033074125,0.598420988999274,492.00159678684076,-0.27253877832152396,745.2532050518738,-203.11039804503787,-149.53108256350117,786.425678925244,False,False,0.0,0.0,0.0,0.0,0.0,0.0,13.0,,,0.727461221678476,,
2025-04-22 00:00:00-04:00,0.07644525362898169,0,shares,44.89131164550781,44.949670350646976,0.0,0.0,0.0,0.0,-691.6738895703371,13.0,583.5870513916016,244.2828719184081,827.8699233100097,935.9567614887452,-0.30808272488880717,-0.1154827259400436,-0.1154827259400436,0.6826569846859329,492.00159678684076,-0.216927820725064,745.2532050518738,-161.66615366027224,-108.08683817873555,827.8699233100097,False,False,0.0,0.0,0.0,0.0,0.0,0.0,13.0,41.959762546213,0.06986572185831852,0.783072179274936,,
2025-04-23 00:00:00-04:00,0.06635586304132879,0,shares,47.870113372802734,47.932344520187385,0.0,0.0,0.0,0.0,-691.6738895703371,13.0,622.3114738464355,244.2828719184081,866.5943457648436,935.9567614887452,-0.2621699569455995,-0.07410856844879543,-0.07410856844879543,0.7613649049604505,492.00159678684076,-0.16496639044562156,745.2532050518738,-122.94173120543826,-69.36241572390156,866.5943457648436,False,False,0.0,0.0,0.0,0.0,0.0,0.0,13.0,41.959762546213,0.14085758517056157,0.8350336095543784,,
2025-04-24 00:00:00-04:00,0.08511974351779927,0,shares,51.94480514526367,52.01233339195252,0.0,0.0,0.0,0.0,-691.6738895703371,13.0,675.2824668884277,244.2828719184081,919.5653388068358,935.9567614887452,-0.19936605292108223,-0.017513012733448297,-0.017513012733448297,0.8690291755399255,492.00159678684076,-0.09388854377161082,745.2532050518738,-69.97073816344607,-16.391422681909376,919.5653388068358,False,False,0.0,0.0,0.0,0.0,0.0,0.0,13.0,41.959762546213,0.23796709021061546,0.9061114562283892,,
2025-04-25 00:00:00-04:00,0.03298813051520311,0,shares,53.65836715698242,53.728123034286504,0.0,0.0,0.0,0.0,-691.6738895703371,13.0,697.5587730407715,244.2828719184081,941.8416449591796,935.9567614887452,-0.17295463577994064,0.006287559118728803,0.006287559118728803,0.9143060736187643,492.00159678684076,-0.06399762079222793,745.2532050518738,-47.69443201110232,5.884883470434374,941.8416449591796,False,False,0.0,0.0,0.0,0.0,0.0,0.0,13.0,41.959762546213,0.2788053101560095,0.9360023792077721,,
2025-04-28 00:00:00-04:00,-0.0007426302690154429,0,shares,53.6185188293457,53.688222903823856,0.0,0.0,0.0,0.0,-691.6738895703371,13.0,697.0407447814941,244.2828719184081,941.3236166999022,935.9567614887452,-0.17356882470125934,0.00573408455602209,0.00573408455602209,0.9132531740699408,492.00159678684076,-0.06469272449089813,745.2532050518738,-48.212460270379665,5.366855211157031,941.3236166999022,False,False,0.0,0.0,0.0,0.0,0.0,0.0,13.0,41.959762546213,0.2778556306245099,0.9353072755091019,,
2025-04-29 00:00:00-04:00,0.019509421502467372,0,shares,54.66458511352539,54.735649074172976,0.0,0.0,0.0,0.0,-691.6738895703371,13.0,710.6396064758301,244.2828719184081,954.9224783942382,935.9567614887452,-0.15744563055957672,0.020263454131498326,0.020263454131498326,0.940893047158051,492.00159678684076,-0.04644542061866663,745.2532050518738,-34.61359857604373,18.965716905492968,954.9224783942382,False,False,0.0,0.0,0.0,0.0,0.0,0.0,13.0,41.959762546213,0.30278585474166464,0.9535545793813334,,
2025-04-30 00:00:00-04:00,0.00018227503670109613,0,shares,54.6745491027832,54.745626016616825,0.0,0.0,0.0,0.0,-691.6738895703371,13.0,710.7691383361816,244.2828719184081,955.0520102545897,935.9567614887452,-0.15729205393096435,0.020401849264352068,0.020401849264352068,0.9411563224425166,492.00159678684076,-0.04627161142271352,745.2532050518738,-34.484066715692165,19.09524876584453,955.0520102545897,False,False,0.0,0.0,0.0,0.0,0.0,0.0,13.0,41.959762546213,0.3030233200811512,0.9537283885772865,,
2025-05-01 00:00:00-04:00,0.03443874996903906,0,shares,56.557472229003906,56.63099694290162,0.0,0.0,0.0,0.0,-691.6738895703371,13.0,735.2471389770508,244.2828719184081,979.5300108954589,935.9567614887452,-0.1282702456793704,0.046554767484563664,0.046554767484563664,0.9909081947956346,492.00159678684076,-0.013426397910125787,745.2532050518738,-10.006066074823025,43.57324940671367,979.5300108954589,False,False,0.0,0.0,0.0,0.0,0.0,0.0,13.0,41.959762546213,0.34789781440525314,0.9865736020898742,,
2025-05-02 00:00:00-04:00,0.046855695072817616,0,shares,59.20751190185547,59.28448166732789,0.0,0.0,0.0,0.0,-691.6738895703371,13.0,769.6976547241211,244.2828719184081,1013.9805266425292,935.9567614887452,-0.0874247421250206,0.08336257438824246,0.08336257438824246,1.0609293410115401,492.00159678684076,0.03280019395628875,745.2532050518738,24.444449672247288,78.02376515378398,1013.9805266425292,False,False,0.0,0.0,0.0,0.0,0.0,0.0,13.0,41.959762546213,0.4110545033863433,1.0328001939562887,,
2025-05-05 00:00:00-04:00,-0.017331282592355834,0,shares,58.18136978149414,58.25700556221009,0.0,0.0,0.0,0.0,-691.6738895703371,13.0,756.3578071594238,244.2828719184081,1000.6406790778319,935.9567614887452,-0.10324084180604387,0.06910994209411947,0.06910994209411947,1.0338159176978414,492.00159678684076,0.014900441933392461,745.2532050518738,11.104602107550022,64.68391758908672,1000.6406790778319,False,False,0.0,0.0,0.0,0.0,0.0,0.0,13.0,41.959762546213,0.38659911903493827,1.0149004419333925,,
2025-05-06 00:00:00-04:00,-0.02842459531427466,0,shares,56.527587890625,56.60107375488282,0.0,0.0,0.0,0.0,-691.6738895703371,13.0,734.858642578125,244.2828719184081,979.1415144965331,935.9567614887452,-0.12873085797207673,0.04613968805471069,0.04613968805471069,0.9901185705312767,492.00159678684076,-0.013947692412842772,745.2532050518738,-10.394562473748806,43.18475300778789,979.1415144965331,False,False,0.0,0.0,0.0,0.0,0.0,0.0,13.0,41.959762546213,0.3471856002132403,0.9860523075871572,,
2025-05-07 00:00:00-04:00,0.01163191520145812,0,shares,57.18511199951172,57.25945264511109,0.0,0.0,0.0,0.0,-691.6738895703371,13.0,743.4064559936523,244.2828719184081,987.6893279120604,935.9567614887452,-0.1185963291943608,0.05527238922984945,0.05527238922984945,1.0074921186485009,492.00159678684076,-0.0024780155867869524,745.2532050518738,-1.8467490582214623,51.732566423315234,987.6893279120604,False,False,0.0,0.0,0.0,0.0,0.0,0.0,13.0,41.959762546213,0.36285594887554606,0.997521984413213,,
2025-05-08 00:00:00-04:00,0.02979093618764761,0,shares,58.888710021972656,58.96526534500123,0.0,0.0,0.0,0.0,-691.6738895703371,13.0,765.5532302856445,244.2828719184081,1009.8361022040526,935.9567614887452,-0.09233848868183148,0.0789345659491727,0.0789345659491727,1.0525057414428742,492.00159678684076,0.02723909819664283,745.2532050518738,20.300025233770725,73.87934071530742,1009.8361022040526,False,False,0.0,0.0,0.0,0.0,0.0,0.0,13.0,41.959762546213,0.40345670348145357,1.0272390981966428,,
2025-05-09 00:00:00-04:00,-0.002368415972666793,0,shares,58.749237060546875,58.82561106872559,0.0,0.0,0.0,0.0,-691.6738895703371,13.0,763.7400817871094,244.2828719184081,1008.0229537055175,935.9567614887452,-0.09448820870301244,0.0769973519953453,0.0769973519953453,1.0488204922274722,492.00159678684076,0.024806168708725984,745.2532050518738,18.48687673523557,72.06619221677227,1008.0229537055175,False,False,0.0,0.0,0.0,0.0,0.0,0.0,13.0,41.959762546213,0.4001327342079817,1.024806168708726,,
2025-05-12 00:00:00-04:00,0.12107844028476511,0,shares,65.86250305175781,65.9481243057251,0.0,0.0,0.0,456.7546672038574,221.83544483737774,6.0,395.1750183105469,1157.792206326123,1552.96722463667,935.9567614887452,0.0,0.6592296658731325,0.6592296658731325,0.4166661512011116,1096.2125574328124,0.14888810121018436,343.96301771624945,51.21200059429742,617.0104631479246,1552.96722463667,True,False,7.0,65.77688179779052,460.4381725845337,3.6835053806762694,456.7546672038574,55.46447986823307,6.0,41.959762546213,0.5696586218575279,1.1488881012101844,65.77688179779052,66.30309685217284
2025-05-13 00:00:00-04:00,0.04583277827523857,0,shares,68.88116455078125,68.97071006469727,0.0,0.0,0.0,0.0,221.83544483737774,6.0,413.2869873046875,1157.792206326123,1571.0791936308106,935.9567614887452,0.0,0.6785809540302175,0.6785809540302175,0.4331884660307799,1096.2125574328124,0.2015448348160107,343.96301771624945,69.32396958843805,635.1224321420652,1571.0791936308106,False,False,0.0,0.0,0.0,0.0,0.0,0.0,6.0,66.30309685217286,0.03888306611614789,1.2015448348160107,,
2025-05-14 00:00:00-04:00,0.0176453348503256,0,shares,70.09659576416016,70.18772133865357,0.0,0.0,0.0,0.0,221.83544483737774,6.0,420.57957458496094,1157.792206326123,1578.371780911084,935.9567614887452,0.0,0.686372539689232,0.686372539689232,0.4398409963551466,1096.2125574328124,0.22274649576401817,343.96301771624945,76.61655686871148,642.4150194223387,1578.371780911084,False,False,0.0,0.0,0.0,0.0,0.0,0.0,6.0,66.30309685217286,0.05721450568810016,1.2227464957640182,,
2025-05-15 00:00:00-04:00,0.003126788736377062,0,shares,70.3157730102539,70.40718351516725,0.0,0.0,0.0,0.0,221.83544483737774,6.0,421.89463806152344,1157.792206326123,1579.6868443876465,935.9567614887452,0.0,0.6877775869421314,0.6877775869421314,0.44104063913212976,1096.2125574328124,0.22656976573441767,343.96301771624945,77.93162034527398,643.7300828989012,1579.6868443876465,False,False,0.0,0.0,0.0,0.0,0.0,0.0,6.0,66.30309685217286,0.06052019209642001,1.2265697657344177,,
2025-05-16 00:00:00-04:00,0.012326357638082985,0,shares,71.18251037597656,71.27504763946534,0.0,0.0,0.0,0.0,221.83544483737774,6.0,427.0950622558594,1157.792206326123,1584.8872685819824,935.9567614887452,0.0,0.6933338523683934,0.6933338523683934,0.4457846316717833,1096.2125574328124,0.24168890333491988,343.96301771624945,83.13204453960992,648.9305070932371,1584.8872685819824,False,False,0.0,0.0,0.0,0.0,0.0,0.0,6.0,66.30309685217286,0.07359254326660913,1.2416889033349199,,
2025-05-19 00:00:00-04:00,0.002659261477503616,0,shares,71.3718032836914,71.46458662796022,0.0,0.0,0.0,0.0,221.83544483737774,6.0,428.23081970214844,1157.792206326123,1586.0230260282715,935.9567614887452,0.0,0.6945473244998224,0.6945473244998224,0.4468207057785687,1096.2125574328124,0.24499087880260229,343.96301771624945,84.26780198589898,650.0662645395262,1586.0230260282715,False,False,0.0,0.0,0.0,0.0,0.0,0.0,6.0,66.30309685217286,0.0764475065594532,1.2449908788026023,,
2025-05-20 00:00:00-04:00,-0.010469013650145964,0,shares,70.6246109008789,70.71642289505006,0.0,0.0,0.0,0.0,221.83544483737774,6.0,423.74766540527344,1157.792206326123,1581.5398717313965,935.9567614887452,-0.010469013650146075,0.6897574084680773,0.6897574084680773,0.442731029678366,1096.2125574328124,0.23195705229811048,343.96301771624945,79.78464768902398,645.5831102426512,1581.5398717313965,False,False,0.0,0.0,0.0,0.0,0.0,0.0,6.0,66.30309685217286,0.06517816291961664,1.2319570522981105,,
2025-05-21 00:00:00-04:00,-0.04161378274324612,1,shares,67.68565368652344,67.77364503631593,67.77364503631593,0.5421891602905274,1.0,-68.31583419660646,153.51961064077128,7.0,473.79957580566406,1157.792206326123,1631.591782131787,1004.2725956853517,-0.0769240415098339,0.6246503082346186,0.6246503082346186,0.4883899760761392,1096.2125574328124,0.14922114876222636,412.2788519128559,61.52072389280818,627.3191864464353,1631.591782131787,False,False,0.0,0.0,0.0,0.0,0.0,0.0,7.0,,,1.1492211487622264,,
2025-05-22 00:00:00-04:00,0.005151552792510561,0,shares,68.03433990478516,68.12278454666138,0.0,0.0,0.0,0.0,153.51961064077128,7.0,476.2403793334961,1157.792206326123,1634.0325856596191,1004.2725956853517,-0.07216876697817443,0.6270807275633132,0.6270807275633132,0.49061655477320154,1096.2125574328124,0.15514142218034466,412.2788519128559,63.96152742064021,629.7599899742673,1634.0325856596191,False,False,0.0,0.0,0.0,0.0,0.0,0.0,7.0,66.59063075852052,0.021680364487010273,1.1551414221803447,,
2025-05-23 00:00:00-04:00,-0.028847543739501602,0,shares,66.07171630859375,66.15760953979493,0.0,0.0,0.0,0.0,153.51961064077128,7.0,462.50201416015625,1157.792206326123,1620.2942204862793,1004.2725956853517,-0.09893441905564715,0.6134008111418516,0.6134008111418516,0.47808398061120383,1096.2125574328124,0.12181842947868726,412.2788519128559,50.223162247300365,616.0216248009275,1620.2942204862793,False,False,0.0,0.0,0.0,0.0,0.0,0.0,7.0,66.59063075852052,-0.007792604515318713,1.1218184294786873,,
2025-05-27 00:00:00-04:00,0.06966240315412486,0,shares,70.67443084716797,70.7663076072693,0.0,0.0,0.0,0.0,153.51961064077128,7.0,494.7210159301758,1157.792206326123,1652.5132222562988,1004.2725956853517,-0.0361640252875961,0.6454827398019005,0.6454827398019005,0.5074751799288546,1096.2125574328124,0.19996699717875854,412.2788519128559,82.4421640173199,648.240626570947,1652.5132222562988,False,False,0.0,0.0,0.0,0.0,0.0,0.0,7.0,66.59063075852052,0.061326947081439265,1.1999669971787585,,
2025-05-28 00:00:00-04:00,-0.012827849354867027,0,shares,69.76782989501953,69.85852807388306,0.0,0.0,0.0,0.0,153.51961064077128,7.0,488.3748092651367,1157.792206326123,1646.1670155912598,1004.2725956853517,-0.04852796797400816,0.6391635325544816,0.6391635325544816,0.5016859681359327,1096.2125574328124,0.1845740013081374,412.2788519128559,76.09595735228083,641.894419905908,1646.1670155912598,False,False,0.0,0.0,0.0,0.0,0.0,0.0,7.0,66.59063075852052,0.047712404888017756,1.1845740013081374,,
2025-05-29 00:00:00-04:00,0.004855100967138037,0,shares,70.10655975341797,70.19769828109742,0.0,0.0,0.0,0.0,153.51961064077128,7.0,490.7459182739258,1157.792206326123,1648.5381246000488,1004.2725956853517,-0.04390847519111385,0.6415245538737688,0.6415245538737688,0.5038489692735424,1096.2125574328124,0.19032522768753513,412.2788519128559,78.4670663610699,644.265528914697,1648.5381246000488,False,False,0.0,0.0,0.0,0.0,0.0,0.0,7.0,66.59063075852052,0.052799154398271986,1.1903252276875351,,
2025-05-30 00:00:00-04:00,-0.005258021895075293,0,shares,69.7379379272461,69.82859724655152,0.0,0.0,0.0,0.0,153.51961064077128,7.0,488.16556549072266,1157.792206326123,1645.9577718168457,1004.2725956853517,-0.04893562536225482,0.6389551789906056,0.6389551789906056,0.5014950893022656,1096.2125574328124,0.18406647157809375,412.2788519128559,75.88671357786677,641.6851761314939,1645.9577718168457,False,False,0.0,0.0,0.0,0.0,0.0,0.0,7.0,66.59063075852052,0.04726351339332924,1.1840664715780937,,
2025-06-02 00:00:00-04:00,0.023000121106817817,0,shares,71.3419189453125,71.43466343994142,0.0,0.0,0.0,0.0,153.51961064077128,7.0,499.3934326171875,1157.792206326123,1657.1856389433106,1004.2725956853517,-0.02706102956520673,0.6501352780739651,0.6501352780739651,0.5117375072077484,1096.2125574328124,0.2113001438229123,412.2788519128559,87.11458070433162,652.9130432579587,1657.1856389433106,False,False,0.0,0.0,0.0,0.0,0.0,0.0,7.0,66.59063075852052,0.07135070103212726,1.2113001438229123,,
2025-06-03 00:00:00-04:00,0.023320680043734665,0,shares,73.00566101074219,73.10056837005615,0.0,0.0,0.0,0.0,153.51961064077128,7.0,511.0396270751953,1157.792206326123,1668.8318334013184,1004.2725956853517,-0.004371431133616266,0.6617319247494229,0.6617319247494229,0.5223615366252563,1096.2125574328124,0.23954848691393638,412.2788519128559,98.76077516233943,664.5592377159666,1668.8318334013184,False,False,0.0,0.0,0.0,0.0,0.0,0.0,7.0,66.59063075852052,0.09633532794552857,1.2395484869139364,,
2025-06-04 00:00:00-04:00,0.008051417713746067,0,shares,73.59346008300781,73.68913158111573,0.0,0.0,0.0,0.0,153.51961064077128,7.0,515.1542205810547,1157.792206326123,1672.9464269071777,1004.2725956853517,0.0,0.6658290130534719,0.6658290130534719,0.5261149998363466,1096.2125574328124,0.24952860955852207,412.2788519128559,102.8753686681988,668.6738312218259,1672.9464269071777,False,False,0.0,0.0,0.0,0.0,0.0,0.0,7.0,66.59063075852052,0.10516238162515457,1.249528609558522,,
2025-06-05 00:00:00-04:00,-0.023284265193952103,0,shares,71.87989044189453,71.973334299469,0.0,0.0,0.0,0.0,153.51961064077128,7.0,503.1592330932617,1157.792206326123,1660.9514394193848,1004.2725956853517,-0.023284265193952103,0.6538850572596695,0.6538850572596695,0.5151727903109571,1096.2125574328124,0.22043425404613126,412.2788519128559,90.88038118040583,656.678843734033,1660.9514394193848,False,False,0.0,0.0,0.0,0.0,0.0,0.0,7.0,66.59063075852052,0.07942948764901492,1.2204342540461313,,
2025-06-06 00:00:00-04:00,0.02855168333591429,0,shares,73.93218231201172,74.02829414901734,0.0,0.0,0.0,0.0,153.51961064077128,7.0,517.525276184082,1157.792206326123,1675.317482510205,1004.2725956853517,0.0,0.6681899811942078,0.6681899811942078,0.5282779522555199,1096.2125574328124,0.2552797063999592,412.2788519128559,105.24642427122615,671.0448868248533,1675.317482510205,False,False,0.0,0.0,0.0,0.0,0.0,0.0,7.0,66.59063075852052,0.11024901656381769,1.2552797063999592,,
2025-06-09 00:00:00-04:00,0.004446857361157797,0,shares,74.26094818115234,74.35748741378785,0.0,0.0,0.0,0.0,153.51961064077128,7.0,519.8266372680664,1157.792206326123,1677.6188435941895,1004.2725956853517,0.0,0.6704815513255364,0.6704815513255364,0.5303773271152403,1096.2125574328124,0.2608617562026758,412.2788519128559,107.54778535521052,673.3462479088377,1677.6188435941895,False,False,0.0,0.0,0.0,0.0,0.0,0.0,7.0,66.59063075852052,0.11518613557584279,1.2608617562026758,,
2025-06-10 00:00:00-04:00,0.019318580276777242,0,shares,75.69556427001953,75.79396850357057,0.0,0.0,0.0,0.0,153.51961064077128,7.0,529.8689498901367,1157.792206326123,1687.6611562162598,1004.2725956853517,0.0,0.6804811397492523,0.6804811397492523,0.5395382444519183,1096.2125574328124,0.2852198152577956,412.2788519128559,117.59009797728083,683.388560530908,1687.6611562162598,False,False,0.0,0.0,0.0,0.0,0.0,0.0,7.0,66.59063075852052,0.1367299484595137,1.2852198152577956,,
2025-06-11 00:00:00-04:00,-0.010266017401078353,0,shares,74.91847229003906,75.01586630401611,0.0,0.0,0.0,0.0,153.51961064077128,7.0,524.4293060302734,1157.792206326123,1682.2215123563965,1004.2725956853517,-0.010266017401078353,0.6750646384096424,0.6750646384096424,0.534576028116245,1096.2125574328124,0.2720257262701484,412.2788519128559,112.15045411741755,677.9489166710447,1682.2215123563965,False,False,0.0,0.0,0.0,0.0,0.0,0.0,7.0,66.59063075852052,0.1250602590283012,1.2720257262701484,,
2025-06-12 00:00:00-04:00,0.006516075722775572,0,shares,75.40664672851562,75.5046753692627,0.0,0.0,0.0,0.0,153.51961064077128,7.0,527.8465270996094,1157.792206326123,1685.6387334257324,1004.2725956853517,-0.003816835825059539,0.6784673211912071,0.6784673211912071,0.5376933259853176,1096.2125574328124,0.2803143422238432,412.2788519128559,115.56767518675349,681.3661377403806,1685.6387334257324,False,False,0.0,0.0,0.0,0.0,0.0,0.0,7.0,66.59063075852052,0.13239123686881538,1.2803143422238432,,
2025-06-13 00:00:00-04:00,-0.037785748252172735,0,shares,72.5573501586914,72.6516747138977,0.0,0.0,0.0,0.0,153.51961064077128,7.0,507.90145111083984,1157.792206326123,1665.693657436963,1004.2725956853517,-0.04145836207962672,0.6586070998982441,0.6586070998982441,0.5194987925861763,1096.2125574328124,0.23193670680492695,412.2788519128559,95.62259919798396,661.4210617516111,1665.693657436963,False,False,0.0,0.0,0.0,0.0,0.0,0.0,7.0,66.59063075852052,0.0896029866695236,1.231936706804927,,
2025-06-16 00:00:00-04:00,0.0407798459701898,0,shares,75.51622772216797,75.6143988182068,0.0,0.0,0.0,0.0,153.51961064077128,7.0,528.6135940551758,1157.792206326123,1686.4058003812988,1004.2725956853517,-0.0023691817292205153,0.6792311247230987,0.6792311247230987,0.5383930688867882,1096.2125574328124,0.2821748959534547,412.2788519128559,116.3347421423199,682.133204695947,1686.4058003812988,False,False,0.0,0.0,0.0,0.0,0.0,0.0,7.0,66.59063075852052,0.13403682863456567,1.2821748959534547,,
2025-06-17 00:00:00-04:00,-0.029551438498623406,0,shares,73.28461456298828,73.37988456192018,0.0,0.0,0.0,0.0,153.51961064077128,7.0,512.992301940918,1157.792206326123,1670.784508267041,1004.2725956853517,-0.031850607499680716,0.6636762921195094,0.6636762921195094,0.524142828813968,1096.2125574328124,0.2442847833712074,412.2788519128559,100.71345002806208,666.5119125816892,1670.784508267041,False,False,0.0,0.0,0.0,0.0,0.0,0.0,7.0,66.59063075852052,0.10052440903799731,1.2442847833712074,,
2025-06-18 00:00:00-04:00,-0.0013594208604786884,0,shares,73.18498992919922,73.28013041610718,0.0,0.0,0.0,0.0,153.51961064077128,7.0,512.2949295043945,1157.792206326123,1670.0871358305176,1004.2725956853517,-0.03316672997990533,0.6629818865970252,0.6629818865970252,0.5235066634719501,1096.2125574328124,0.2425932766803165,412.2788519128559,100.01607759153865,665.8145401451658,1670.0871358305176,False,False,0.0,0.0,0.0,0.0,0.0,0.0,7.0,66.59063075852052,0.09902833319888504,1.2425932766803165,,
2025-06-20 00:00:00-04:00,-0.013748966249997552,0,shares,72.17877197265625,72.27260437622071,0.0,0.0,0.0,0.0,153.51961064077128,7.0,505.25140380859375,1157.792206326123,1663.0436101347168,1004.2725956853517,-0.0464596879787863,0.6559683270056733,0.6559683270056733,0.5170813350554468,1096.2125574328124,0.22550890365676501,412.2788519128559,92.97255189573787,658.771014449365,1663.0436101347168,False,False,0.0,0.0,0.0,0.0,0.0,0.0,7.0,66.59063075852052,0.0839178297379426,1.225508903656765,,
2025-06-23 00:00:00-04:00,0.03105580017199716,0,shares,74.42034149169922,74.51708793563843,0.0,0.0,0.0,0.0,153.51961064077128,7.0,520.9423904418945,1157.792206326123,1678.7345967680176,1004.2725956853517,-0.01684673059271169,0.6715925576186701,0.6715925576186701,0.5313951526877199,1096.2125574328124,0.26356806327773286,412.2788519128559,108.66353852903865,674.4620010826658,1678.7345967680176,False,False,0.0,0.0,0.0,0.0,0.0,0.0,7.0,66.59063075852052,0.11757976526114922,1.2635680632777329,,
2025-06-24 00:00:00-04:00,0.045515454886465356,0,shares,77.8076171875,77.90876708984375,0.0,0.0,0.0,0.0,153.51961064077128,7.0,544.6533203125,1157.792206326123,1702.445526638623,1004.2725956853517,0.0,0.6952026112758887,0.6952026112758887,0.5530250179085063,1096.2125574328124,0.3210799384578289,412.2788519128559,132.37446839964412,698.1729309532712,1702.445526638623,False,False,0.0,0.0,0.0,0.0,0.0,0.0,7.0,66.59063075852052,0.16844691664891953,1.321079938457829,,
2025-06-25 00:00:00-04:00,0.007678361311578286,0,shares,78.4050521850586,78.50697875289917,0.0,0.0,0.0,0.0,153.51961064077128,7.0,548.8353652954102,1157.792206326123,1706.6275716215332,1004.2725956853517,0.0,0.6993668640901918,0.6993668640901918,0.5568400125047221,1096.2125574328124,0.33122366754678567,412.2788519128559,136.55651338255427,702.3549759361814,1706.6275716215332,False,False,0.0,0.0,0.0,0.0,0.0,0.0,7.0,66.59063075852052,0.17741867424834945,1.3312236675467857,,
2025-06-26 00:00:00-04:00,0.027395448756104557,0,shares,80.55299377441406,80.6577126663208,0.0,0.0,0.0,0.0,153.51961064077128,7.0,563.8709564208984,1157.792206326123,1721.6631627470215,1004.2725956853517,0.0,0.7143384875220027,0.7143384875220027,0.570555957485958,1096.2125574328124,0.3676931373139771,412.2788519128559,151.59210450804255,717.3905670616697,1721.6631627470215,False,False,0.0,0.0,0.0,0.0,0.0,0.0,7.0,66.59063075852052,0.20967458720320065,1.3676931373139771,,
2025-06-27 00:00:00-04:00,0.009797843239433224,0,shares,81.34223937988281,81.44798429107666,0.0,0.0,0.0,0.0,153.51961064077128,7.0,569.3956756591797,1157.792206326123,1727.1878819853027,1004.2725956853517,0.0,0.7198397022937857,0.7198397022937857,0.5755957822907563,1096.2125574328124,0.381093580273028,412.2788519128559,157.1168237463238,722.9152862999509,1727.1878819853027,False,False,0.0,0.0,0.0,0.0,0.0,0.0,7.0,66.59063075852052,0.22152678917934376,1.381093580273028,,
2025-06-30 00:00:00-04:00,0.01940555390374321,0,shares,82.92073059082031,83.02852754058839,0.0,0.0,0.0,0.0,153.51961064077128,7.0,580.4451141357422,1157.792206326123,1738.2373204618652,1004.2725956853517,0.0,0.7308421318373521,0.7308421318373521,0.5856754319003528,1096.2125574328124,0.4078944661911301,412.2788519128559,168.1662622228863,733.9647247765134,1738.2373204618652,False,False,0.0,0.0,0.0,0.0,0.0,0.0,7.0,66.59063075852052,0.24523119313162978,1.4078944661911301,,
2025-07-01 00:00:00-04:00,-0.025421706190667304,0,shares,80.812744140625,80.91780070800782,0.0,0.0,0.0,0.0,153.51961064077128,7.0,565.689208984375,1157.792206326123,1723.481415310498,1004.2725956853517,-0.025421706190667304,0.7161490044785424,0.7161490044785424,0.572214625370346,1096.2125574328124,0.3721033867241528,412.2788519128559,153.41035707151912,719.2088196251462,1723.481415310498,False,False,0.0,0.0,0.0,0.0,0.0,0.0,7.0,66.59063075852052,0.21357529160038347,1.3721033867241528,,
2025-07-02 00:00:00-04:00,0.019903631774362607,0,shares,82.42121124267578,82.52835881729126,0.0,0.0,0.0,0.0,153.51961064077128,7.0,576.9484786987305,1157.792206326123,1734.7406850248535,1004.2725956853517,-0.006024058695399681,0.7273603725500486,0.7273603725500486,0.5824856897164097,1096.2125574328124,0.3994132272898663,412.2788519128559,164.66962678587458,730.4680893395017,1734.7406850248535,False,False,0.0,0.0,0.0,0.0,0.0,0.0,7.0,66.59063075852052,0.23772984733486213,1.3994132272898663,,
2025-07-03 00:00:00-04:00,0.027999984819190527,0,shares,84.72900390625,84.83915161132813,0.0,0.0,0.0,0.0,153.51961064077128,7.0,593.10302734375,1157.792206326123,1750.895233669873,1004.2725956853517,0.0,0.7434461929880694,0.7434461929880694,0.5972223833763066,1096.2125574328124,0.4385967764097569,412.2788519128559,180.82417543089412,746.6226379845212,1750.895233669873,False,False,0.0,0.0,0.0,0.0,0.0,0.0,7.0,66.59063075852052,0.2723862642704973,1.438596776409757,,
2025-07-07 00:00:00-04:00,-0.022285153436104266,0,shares,82.84080505371094,82.94849810028077,0.0,0.0,0.0,0.0,153.51961064077128,7.0,579.8856353759766,1157.792206326123,1737.6778417020996,1004.2725956853517,-0.022285153436104377,0.7302850333342472,0.7302850333342472,0.5851650575610223,1096.2125574328124,0.4065374265147803,412.2788519128559,167.60678346312068,733.4052460167478,1737.6778417020996,False,False,0.0,0.0,0.0,0.0,0.0,0.0,7.0,66.59063075852052,0.2440309411412378,1.4065374265147803,,
2025-07-08 00:00:00-04:00,0.0013265660414196745,0,shares,82.95069885253906,83.05853476104737,0.0,0.0,0.0,0.0,153.51961064077128,7.0,580.6548919677734,1157.792206326123,1738.4470982938965,1004.2725956853517,-0.02098815012246069,0.7310510171867408,0.7310510171867408,0.5858667979183836,1096.2125574328124,0.4084032913007809,412.2788519128559,168.37604005491755,734.1745026085447,1738.4470982938965,False,False,0.0,0.0,0.0,0.0,0.0,0.0,7.0,66.59063075852052,0.2456812303422311,1.408403291300781,,
2025-07-09 00:00:00-04:00,0.020715448147502924,0,shares,84.66905975341797,84.77912953109742,0.0,0.0,0.0,0.0,153.51961064077128,7.0,592.6834182739258,1157.792206326123,1750.4756246000488,1004.2725956853517,-0.0007074809105317437,0.7430283691107407,0.7430283691107407,0.5968396026218086,1096.2125574328124,0.43757899665249456,412.2788519128559,180.4045663610699,746.203028914697,1750.4756246000488,False,False,0.0,0.0,0.0,0.0,0.0,0.0,7.0,66.59063075852052,0.2714860752777033,1.4375789966524946,,
2025-07-10 00:00:00-04:00,-0.004601746499265702,0,shares,84.27943420410156,84.3889974685669,0.0,0.0,0.0,0.0,153.51961064077128,7.0,589.9560394287109,1157.792206326123,1747.748245754834,1004.2725956853517,-0.005305971761994099,0.7403125936759309,0.7403125936759309,0.5943516007952268,1096.2125574328124,0.4309636225372311,412.2788519128559,177.67718751585505,743.4756500694822,1747.748245754834,False,False,0.0,0.0,0.0,0.0,0.0,0.0,7.0,66.59063075852052,0.2656350186819292,1.430963622537231,,
2025-07-11 00:00:00-04:00,-0.007586536906945884,0,shares,83.64004516601562,83.74877722473146,0.0,0.0,0.0,0.0,153.51961064077128,7.0,585.4803161621094,1157.792206326123,1743.2725224882324,1004.2725956853517,-0.012852254718340284,0.735855912008194,0.735855912008194,0.5902687035174552,1096.2125574328124,0.4201075642023555,412.2788519128559,173.2014642492535,738.9999268028806,1743.2725224882324,False,False,0.0,0.0,0.0,0.0,0.0,0.0,7.0,66.59063075852052,0.2560332319019756,1.4201075642023555,,
2025-07-14 00:00:00-04:00,0.010630703571364641,0,shares,84.5291976928711,84.63908564987183,0.0,0.0,0.0,0.0,153.51961064077128,7.0,591.7043838500977,1157.792206326123,1749.4965901762207,1004.2725956853517,-0.002358179657110049,0.7420534999088584,0.7420534999088584,0.5959464962464165,1096.2125574328124,0.4352043067568434,412.2788519128559,179.42553193724177,745.2239944908689,1749.4965901762207,False,False,0.0,0.0,0.0,0.0,0.0,0.0,7.0,66.59063075852052,0.26938574886610867,1.4352043067568434,,
2025-07-15 00:00:00-04:00,0.002600138220343995,0,shares,84.74898529052734,84.85915897140504,0.0,0.0,0.0,0.0,153.51961064077128,7.0,593.2428970336914,1157.792206326123,1751.0351033598145,1004.2725956853517,0.0,0.7435854676138456,0.7435854676138456,0.5973499769611392,1096.2125574328124,0.43893603632884437,412.2788519128559,180.96404512083552,746.7625076744627,1751.0351033598145,False,False,0.0,0.0,0.0,0.0,0.0,0.0,7.0,66.59063075852052,0.2726863272680955,1.4389360363288444,,
2025-07-16 00:00:00-04:00,0.0028291664037232156,0,shares,84.98875427246094,85.09923965301515,0.0,0.0,0.0,0.0,153.51961064077128,7.0,594.9212799072266,1157.792206326123,1752.7134862333496,1004.2725956853517,0.0,0.7452567099446092,0.7452567099446092,0.5988810512606946,1096.2125574328124,0.44300702581993257,412.2788519128559,182.64242799437068,748.4408905479978,1752.7134862333496,False,False,0.0,0.0,0.0,0.0,0.0,0.0,7.0,66.59063075852052,0.2762869686676801,1.4430070258199326,,
2025-07-17 00:00:00-04:00,0.023274976601590502,0,shares,86.96686553955078,87.0799224647522,0.0,0.0,0.0,0.0,153.51961064077128,7.0,608.7680587768555,1157.792206326123,1766.5602651029785,1004.2725956853517,0.0,0.759044578825149,0.759044578825149,0.6115125238485075,1096.2125574328124,0.4765929805818221,412.2788519128559,196.48920686399958,762.2876694176267,1766.5602651029785,False,False,0.0,0.0,0.0,0.0,0.0,0.0,7.0,66.59063075852052,0.3059925180003351,1.476592980581822,,
2025-07-18 00:00:00-04:00,-0.0034462911007103747,0,shares,86.66715240478516,86.77981970291138,0.0,0.0,0.0,0.0,153.51961064077128,7.0,606.6700668334961,1157.792206326123,1764.4622731596191,1004.2725956853517,-0.0034462911007103747,0.7569555126170566,0.7569555126170566,0.6095986687944543,1096.2125574328124,0.47150421133347153,412.2788519128559,194.3912149206402,760.1896774742673,1764.4622731596191,False,False,0.0,0.0,0.0,0.0,0.0,0.0,7.0,66.59063075852052,0.3014916876079563,1.4715042113334715,,
2025-07-21 00:00:00-04:00,0.01521606720355595,0,shares,87.98588562011719,88.10026727142335,0.0,0.0,0.0,0.0,153.51961064077128,7.0,615.9011993408203,1157.792206326123,1773.6934056669434,1004.2725956853517,0.0,0.7661473720255318,0.7661473720255318,0.6180196018012265,1096.2125574328124,0.49389471830343723,412.2788519128559,203.62234742796443,769.4208099815916,1773.6934056669434,False,False,0.0,0.0,0.0,0.0,0.0,0.0,7.0,66.59063075852052,0.3212952725914684,1.4938947183034372,,
2025-07-22 00:00:00-04:00,-0.015555796035650937,0,shares,86.61719512939453,86.72979748306275,0.0,0.0,0.0,0.0,153.51961064077128,7.0,606.3203659057617,1157.792206326123,1764.1125722318848,1004.2725956853517,-0.015555796035650937,0.7566072994633404,0.7566072994633404,0.6092796604731545,1096.2125574328124,0.4706559967667727,412.2788519128559,194.04151399290583,759.839976546533,1764.1125722318848,False,False,0.0,0.0,0.0,0.0,0.0,0.0,7.0,66.59063075852052,0.30074147282816566,1.4706559967667727,,
2025-07-23 00:00:00-04:00,0.01314875625479539,0,shares,87.756103515625,87.87018645019532,0.0,0.0,0.0,0.0,153.51961064077128,7.0,614.292724609375,1157.792206326123,1772.084930935498,1004.2725956853517,-0.002611579151277521,0.7645457404183809,0.7645457404183809,0.6165522999348694,1096.2125574328124,0.48999329400291236,412.2788519128559,202.01387269651912,767.8123352501462,1772.084930935498,False,False,0.0,0.0,0.0,0.0,0.0,0.0,7.0,66.59063075852052,0.3178446054048869,1.4899932940029124,,
2025-07-24 00:00:00-04:00,0.006602988184693848,0,shares,88.33555603027344,88.4503922531128,0.0,0.0,0.0,0.0,153.51961064077128,7.0,618.3488922119141,1157.792206326123,1776.141098538037,1004.2725956853517,0.0,0.7685846513873404,0.7685846513873404,0.6202524651765795,1096.2125574328124,0.4998317021184864,412.2788519128559,206.07004029905818,771.8685028526853,1776.141098538037,False,False,0.0,0.0,0.0,0.0,0.0,0.0,7.0,66.59063075852052,0.32654631776363785,1.4998317021184864,,
2025-07-25 00:00:00-04:00,0.005654793727378982,0,shares,88.83507537841797,88.95056097640992,0.0,0.0,0.0,0.0,153.51961064077128,7.0,621.8455276489258,1157.792206326123,1779.6377339750488,1004.2725956853517,0.0,0.7720664106746438,0.7720664106746438,0.6234422073605228,1096.2125574328124,0.5083129410197504,412.2788519128559,209.5666757360699,775.365138289697,1779.6377339750488,False,False,0.0,0.0,0.0,0.0,0.0,0.0,7.0,66.59063075852052,0.3340476635604055,1.5083129410197504,,
2025-07-28 00:00:00-04:00,0.009784098666834495,0,shares,89.7042465209961,89.82086204147339,0.0,0.0,0.0,0.0,153.51961064077128,7.0,627.9297256469727,1157.792206326123,1785.7219319730957,1004.2725956853517,0.0,0.7781247239495317,0.7781247239495317,0.6289924065046515,1096.2125574328124,0.5230704236551509,412.2788519128559,215.65087373411677,781.4493362877439,1785.7219319730957,False,False,0.0,0.0,0.0,0.0,0.0,0.0,7.0,66.59063075852052,0.3471001175269406,1.5230704236551509,,
2025-07-29 00:00:00-04:00,-0.0045662783967803655,0,shares,89.29463195800781,89.41071497955323,0.0,0.0,0.0,0.0,153.51961064077128,7.0,625.0624237060547,1157.792206326123,1782.8546300321777,1004.2725956853517,-0.0045662783967802545,0.7752696207103946,0.7752696207103946,0.6263767623748007,1096.2125574328124,0.5161156600828394,412.2788519128559,212.7835717931988,778.5820343468259,1782.8546300321777,False,False,0.0,0.0,0.0,0.0,0.0,0.0,7.0,66.59063075852052,0.34094888336197715,1.5161156600828394,,
2025-07-30 00:00:00-04:00,0.003468464612091493,0,shares,89.6043472290039,89.72083288040162,0.0,0.0,0.0,0.0,153.51961064077128,7.0,627.2304306030273,1157.792206326123,1785.0226369291504,1004.2725956853517,-0.0011136517597168938,0.7774284039992019,0.7774284039992019,0.6283544872989246,1096.2125574328124,0.5213742535976746,412.2788519128559,214.95157869017146,780.7500412437986,1785.0226369291504,False,False,0.0,0.0,0.0,0.0,0.0,0.0,7.0,66.59063075852052,0.3455999171105417,1.5213742535976746,,
2025-07-31 00:00:00-04:00,-0.016501341337451403,0,shares,88.1257553100586,88.24031879196167,0.0,0.0,0.0,0.0,153.51961064077128,7.0,616.8802871704102,1157.792206326123,1774.6724934965332,1004.2725956853517,-0.01759661634935017,0.7671222944059655,0.7671222944059655,0.618912756895055,1096.2125574328124,0.49626953773704896,412.2788519128559,204.60143525755427,770.3998978111814,1774.6724934965332,False,False,0.0,0.0,0.0,0.0,0.0,0.0,7.0,66.59063075852052,0.32339571357465435,1.496269537737049,,
2025-08-01 00:00:00-04:00,-0.05997055273742924,1,shares,82.84080505371094,82.94849810028077,82.94849810028077,0.6635879848022462,1.0,-83.61208608508302,69.90752455568825,8.0,662.7264404296875,1157.792206326123,1820.5186467558106,1087.8846817704348,-0.12253835682153402,0.6734481855127141,0.6734481855127141,0.6607350777108674,1096.2125574328124,0.33643587661697105,495.8909379979389,166.83550243174858,732.6339649853758,1820.5186467558106,False,False,0.0,0.0,0.0,0.0,0.0,0.0,8.0,,,1.336435876616971,,
2025-08-04 00:00:00-04:00,0.05475160962635295,0,shares,87.37647247314453,87.49006188735963,0.0,0.0,0.0,0.0,69.90752455568825,8.0,699.0117797851562,1157.792206326123,1856.8039861112793,1087.8846817704348,-0.07449591947212852,0.7068022164715999,0.7068022164715999,0.6938357196524672,1096.2125574328124,0.40960789202415615,495.8909379979389,203.12084178721733,768.9193043408445,1856.8039861112793,False,False,0.0,0.0,0.0,0.0,0.0,0.0,8.0,68.71831267434082,0.2715165590171802,1.4096078920241562,,
2025-08-05 00:00:00-04:00,-0.020809494151070695,0,shares,85.55821228027344,85.6694379562378,0.0,0.0,0.0,0.0,69.90752455568825,8.0,684.4656982421875,1157.792206326123,1842.2579045683106,1087.8846817704348,-0.09375519122266529,0.6934312390263653,0.6934312390263653,0.6805663208991508,1096.2125574328124,0.38027466483977634,495.8909379979389,188.57476024424858,754.3732227978758,1842.2579045683106,False,False,0.0,0.0,0.0,0.0,0.0,0.0,8.0,68.71831267434082,0.24505694261932276,1.3802746648397763,,
2025-08-06 00:00:00-04:00,0.03736564236011097,0,shares,88.7551498413086,88.8705315361023,0.0,0.0,0.0,0.0,69.90752455568825,8.0,710.0411987304688,1157.792206326123,1867.8334050565918,1087.8846817704348,-0.05989277180718411,0.7169406246412628,0.7169406246412628,0.7038971068082045,1096.2125574328124,0.4318495143249017,495.8909379979389,214.15026073252983,779.948723286157,1867.8334050565918,False,False,0.0,0.0,0.0,0.0,0.0,0.0,8.0,68.71831267434082,0.29157929505520963,1.4318495143249017,,
2025-08-07 00:00:00-04:00,0.010130560377674014,0,shares,89.65428924560547,89.77083982162476,0.0,0.0,0.0,0.0,69.90752455568825,8.0,717.2343139648438,1157.792206326123,1875.0265202909668,1087.8846817704348,-0.05036895877048919,0.7235526446052436,0.7235526446052436,0.7104588955649582,1096.2125574328124,0.4463549522815131,495.8909379979389,221.34337596690483,787.141838520532,1875.0265202909668,False,False,0.0,0.0,0.0,0.0,0.0,0.0,8.0,68.71831267434082,0.30466371708632,1.4463549522815131,,
2025-08-08 00:00:00-04:00,0.02696685358994566,0,shares,92.07198333740234,92.19167691574097,0.0,0.0,0.0,0.0,69.90752455568825,8.0,736.5758666992188,1157.792206326123,1894.3680730253418,1087.8846817704348,-0.024760397517185284,0.7413316914642347,0.7413316914642347,0.7281028758343235,1096.2125574328124,0.4853585945187815,495.8909379979389,240.68492870127983,806.483391254907,1894.3680730253418,False,False,0.0,0.0,0.0,0.0,0.0,0.0,8.0,68.71831267434082,0.33984639252910087,1.4853585945187815,,
2025-08-11 00:00:00-04:00,-0.008789068730936767,0,shares,91.26275634765625,91.38139793090821,0.0,0.0,0.0,0.0,69.90752455568825,8.0,730.10205078125,1157.792206326123,1887.894257107373,1087.8846817704348,-0.0333318454125382,0.7353808622757647,0.7353808622757647,0.7221972548176026,1096.2125574328124,0.47230367574146825,495.8909379979389,234.21111278331108,800.0095753369383,1887.894257107373,False,False,0.0,0.0,0.0,0.0,0.0,0.0,8.0,68.71831267434082,0.32807039049626496,1.4723036757414683,,
2025-08-12 00:00:00-04:00,0.03689109639932875,0,shares,94.6295394897461,94.75255789108277,0.0,0.0,0.0,0.0,69.90752455568825,8.0,757.0363159179688,1157.792206326123,1914.8285222440918,1087.8846817704348,0.0,0.7601392448397013,0.7601392448397013,0.746767549104137,1096.2125574328124,0.5266185725723329,495.8909379979389,261.14537792002983,826.943840473657,1914.8285222440918,False,False,0.0,0.0,0.0,0.0,0.0,0.0,8.0,68.71831267434082,0.37706436329715687,1.526618572572333,,
2025-08-13 00:00:00-04:00,0.0014779957854706982,0,shares,94.76940155029297,94.89260177230835,0.0,0.0,0.0,0.0,69.90752455568825,8.0,758.1552124023438,1157.792206326123,1915.9474187284668,1087.8846817704348,0.0,0.761167751356177,0.761167751356177,0.7477882421045852,1096.2125574328124,0.528874908388616,495.8909379979389,262.26427440440483,828.062736958032,1915.9474187284668,False,False,0.0,0.0,0.0,0.0,0.0,0.0,8.0,68.71831267434082,0.379099658622432,1.528874908388616,,
2025-08-14 00:00:00-04:00,-0.00274086743148938,0,shares,94.50965118408203,94.63251373062134,0.0,0.0,0.0,0.0,69.90752455568825,8.0,756.0772094726562,1157.792206326123,1913.8694157987793,1087.8846817704348,-0.00274086743148938,0.7592576197360628,0.7592576197360628,0.7458926216652846,1096.2125574328124,0.5246844649453923,495.8909379979389,260.18627147471733,825.9847340283445,1913.8694157987793,False,False,0.0,0.0,0.0,0.0,0.0,0.0,8.0,68.71831267434082,0.3753197292833357,1.5246844649453923,,
2025-08-15 00:00:00-04:00,-0.01416484541882268,0,shares,93.17093658447266,93.29205880203247,0.0,0.0,0.0,0.0,69.90752455568825,8.0,745.3674926757812,1157.792206326123,1903.1596990019043,1087.8846817704348,-0.01686688888683152,0.7494130866009461,0.7494130866009461,0.7361228769891648,1096.2125574328124,0.5030875451869605,495.8909379979389,249.47655467784233,815.2750172314695,1903.1596990019043,False,False,0.0,0.0,0.0,0.0,0.0,0.0,8.0,68.71831267434082,0.35583853791658004,1.5030875451869605,,
2025-08-18 00:00:00-04:00,-0.0012867564721255054,0,shares,93.0510482788086,93.17201464157105,0.0,0.0,0.0,0.0,69.90752455568825,8.0,744.4083862304688,1157.792206326123,1902.2005925565918,1087.8846817704348,-0.018131941780517247,0.7485314614973078,0.7485314614973078,0.7352479495503124,1096.2125574328124,0.50115343756002,495.8909379979389,248.51744823252983,814.315910786157,1902.2005925565918,False,False,0.0,0.0,0.0,0.0,0.0,0.0,8.0,68.71831267434082,0.35409390390275886,1.50115343756002,,
2025-08-19 00:00:00-04:00,-0.04079888576838375,0,shares,89.25466918945312,89.37070025939943,0.0,0.0,0.0,0.0,69.90752455568825,8.0,714.037353515625,1157.792206326123,1871.829559841748,1087.8846817704348,-0.05819106452743861,0.7206139503642182,0.7206139503642182,0.7075425264469968,1096.2125574328124,0.43990804994019217,495.8909379979389,218.14641551768608,783.9448780713133,1871.829559841748,False,False,0.0,0.0,0.0,0.0,0.0,0.0,8.0,68.71831267434082,0.2988483813977654,1.4399080499401922,,
2025-08-20 00:00:00-04:00,-0.01824488143558123,0,shares,87.62622833251953,87.74014242935182,0.0,0.0,0.0,0.0,69.90752455568825,8.0,701.0098266601562,1157.792206326123,1858.8020329862793,1087.8846817704348,-0.07537425689010635,0.7086388512808597,0.7086388512808597,0.6956584016327567,1096.2125574328124,0.41363709829089457,495.8909379979389,205.11888866221733,770.9173512158445,1858.8020329862793,False,False,0.0,0.0,0.0,0.0,0.0,0.0,8.0,68.71831267434082,0.2751510466763667,1.4136370982908946,,
2025-08-21 00:00:00-04:00,-0.01390946462644349,0,shares,86.40739440917969,86.51972402191163,0.0,0.0,0.0,0.0,69.90752455568825,8.0,691.2591552734375,1157.792206326123,1849.0513615995606,1087.8846817704348,-0.08823530595659257,0.6996758871449456,0.6996758871449456,0.6867635287172762,1096.2125574328124,0.39397416307758903,495.8909379979389,195.36821727549858,761.1666798291258,1849.0513615995606,False,False,0.0,0.0,0.0,0.0,0.0,0.0,8.0,68.71831267434082,0.2574143782992493,1.393974163077589,,
2025-08-22 00:00:00-04:00,0.04497628821103361,0,shares,90.2936782836914,90.4110600654602,0.0,0.0,0.0,0.0,69.90752455568825,8.0,722.3494262695312,1157.792206326123,1880.1416325956543,1087.8846817704348,-0.047227514296651396,0.7282545329491104,0.7282545329491104,0.7151250638824116,1096.2125574328124,0.4566699467949009,495.8909379979389,226.45848827159233,792.2569508252195,1880.1416325956543,False,False,0.0,0.0,0.0,0.0,0.0,0.0,8.0,68.71831267434082,0.31396820977833384,1.456669946794901,,
2025-08-25 00:00:00-04:00,-0.008740873342085398,0,shares,89.50443267822266,89.62078844070436,0.0,0.0,0.0,0.0,69.90752455568825,8.0,716.0354614257812,1157.792206326123,1873.8276677519043,1087.8846817704348,-0.05555557791800814,0.7224506412779135,0.7224506412779135,0.7093652641054993,1096.2125574328124,0.44393737928874466,495.8909379979389,220.14452342784233,785.9429859814695,1873.8276677519043,False,False,0.0,0.0,0.0,0.0,0.0,0.0,8.0,68.71831267434082,0.30248298008113483,1.4439373792887447,,
2025-08-26 00:00:00-04:00,0.011608465225109166,0,shares,90.54344177246094,90.66114824676514,0.0,0.0,0.0,0.0,69.90752455568825,8.0,724.3475341796875,1157.792206326123,1882.1397405058106,1087.8846817704348,-0.044592027687220925,0.7300912238628059,0.7300912238628059,0.7169478015409143,1096.2125574328124,0.4606992761434534,495.8909379979389,228.45659618174858,794.2550587353758,1882.1397405058106,False,False,0.0,0.0,0.0,0.0,0.0,0.0,8.0,68.71831267434082,0.3176028084617035,1.4606992761434534,,
2025-08-27 00:00:00-04:00,0.004523956180257249,0,shares,90.95305633544922,91.07129530868531,0.0,0.0,0.0,0.0,69.90752455568825,8.0,727.6244506835938,1157.792206326123,1885.4166570097168,1087.8846817704348,-0.0402698038862096,0.7331034149146858,0.7331034149146858,0.7199371091178868,1096.2125574328124,0.4673074156612598,495.8909379979389,231.73351268565483,797.531975239282,1885.4166570097168,False,False,0.0,0.0,0.0,0.0,0.0,0.0,8.0,68.71831267434082,0.323563585830168,1.4673074156612598,,
2025-08-28 00:00:00-04:00,0.018233682137474005,0,shares,92.61146545410156,92.7318603591919,0.0,0.0,0.0,0.0,69.90752455568825,8.0,740.8917236328125,1157.792206326123,1898.6839299589356,1087.8846817704348,-0.022770388552535215,0.7452988922217358,0.7452988922217358,0.7320399379527334,1096.2125574328124,0.4940618326763855,495.8909379979389,245.00078563487358,810.7992481885008,1898.6839299589356,False,False,0.0,0.0,0.0,0.0,0.0,0.0,8.0,68.71831267434082,0.3476970235429304,1.4940618326763855,,
2025-08-29 00:00:00-04:00,-0.03603017439163936,0,shares,89.274658203125,89.39071525878907,0.0,0.0,0.0,0.0,69.90752455568825,8.0,714.197265625,1157.792206326123,1871.989471951123,1087.8846817704348,-0.057980141873661295,0.7207609439859268,0.7207609439859268,0.7076884033650184,1096.2125574328124,0.440230524293163,495.8909379979389,218.30632762706108,784.1047901806883,1871.989471951123,False,False,0.0,0.0,0.0,0.0,0.0,0.0,8.0,68.71831267434082,0.29913926475758545,1.440230524293163,,
2025-09-02 00:00:00-04:00,-0.025514792749727233,0,shares,86.99683380126953,87.10992968521118,0.0,0.0,0.0,0.0,69.90752455568825,8.0,695.9746704101562,1157.792206326123,1853.7668767362793,1087.8846817704348,-0.08201558331988235,0.7040104597478474,0.7040104597478474,0.6910651717743141,1096.2125574328124,0.40348334095399196,495.8909379979389,200.08373241221733,765.8821949658445,1853.7668767362793,False,False,0.0,0.0,0.0,0.0,0.0,0.0,8.0,68.71831267434082,0.2659919956642627,1.403483340953992,,
2025-09-03 00:00:00-04:00,0.02331189336980599,0,shares,89.02489471435547,89.14062707748414,0.0,0.0,0.0,0.0,69.90752455568825,8.0,712.1991577148438,1157.792206326123,1869.9913640409668,1087.8846817704348,-0.060615628483091655,0.7189242530722315,0.7189242530722315,0.7058656657065159,1096.2125574328124,0.43620119494461074,495.8909379979389,216.30821971690483,782.106682270532,1869.9913640409668,False,False,0.0,0.0,0.0,0.0,0.0,0.0,8.0,68.71831267434082,0.295504666074216,1.4362011949446107,,
2025-09-04 00:00:00-04:00,0.027045239342166738,0,shares,91.4325942993164,91.55145667190553,0.0,0.0,0.0,0.0,69.90752455568825,8.0,731.4607543945312,1157.792206326123,1889.2529607206543,1087.8846817704348,-0.03520975332112597,0.736629803120368,0.736629803120368,0.7234367075168702,1096.2125574328124,0.4750436000053937,495.8909379979389,235.56981639659233,801.3682789502195,1889.2529607206543,False,False,0.0,0.0,0.0,0.0,0.0,0.0,8.0,68.71831267434082,0.3305418998370868,1.4750436000053937,,
2025-09-05 00:00:00-04:00,0.0032779681804113725,0,shares,91.73230743408203,91.85155943374635,0.0,0.0,0.0,0.0,69.90752455568825,8.0,733.8584594726562,1157.792206326123,1891.6506657987793,1087.8846817704348,-0.03204720159174135,0.7388338097750282,0.7388338097750282,0.7256239704357881,1096.2125574328124,0.47987874599093083,495.8909379979389,237.96752147471733,803.7659840283445,1891.6506657987793,False,False,0.0,0.0,0.0,0.0,0.0,0.0,8.0,68.71831267434082,0.33490337384745694,1.4798787459909308,,
2025-09-08 00:00:00-04:00,0.014267016436178448,0,shares,93.04105377197266,93.16200714187623,0.0,0.0,0.0,0.0,69.90752455568825,8.0,744.3284301757812,1157.792206326123,1902.1206365019043,1087.8846817704348,-0.018237403107405847,0.7484579646864533,0.7484579646864533,0.7351750110913016,1096.2125574328124,0.5009922003835345,495.8909379979389,248.43749217784233,814.2359547314695,1902.1206365019043,False,False,0.0,0.0,0.0,0.0,0.0,0.0,8.0,68.71831267434082,0.3539484622228488,1.5009922003835345,,
2025-09-09 00:00:00-04:00,0.008160670080229915,0,shares,93.80033111572266,93.9222715461731,0.0,0.0,0.0,0.0,69.90752455568825,8.0,750.4026489257812,1157.792206326123,1908.1948552519043,1087.8846817704348,-0.010225562457055637,0.7540414781339584,0.7540414781339584,0.7407161068476071,1096.2125574328124,0.5132413025238629,495.8909379979389,254.51171092784233,820.3101734814695,1908.1948552519043,False,False,0.0,0.0,0.0,0.0,0.0,0.0,8.0,68.71831267434082,0.36499758892868406,1.513241302523863,,
2025-09-10 00:00:00-04:00,0.0010650206753421987,0,shares,93.90023040771484,94.02230070724488,0.0,0.0,0.0,0.0,69.90752455568825,8.0,751.2018432617188,1157.792206326123,1908.9940495878418,1087.8846817704348,-0.009171432217147224,0.7547761096158878,0.7547761096158878,0.741445157368438,1096.2125574328124,0.5148529357978326,495.8909379979389,255.31090526377983,821.109367817407,1908.9940495878418,False,False,0.0,0.0,0.0,0.0,0.0,0.0,8.0,68.71831267434082,0.3664513395826854,1.5148529357978326,,
2025-09-11 00:00:00-04:00,0.01681038303610327,0,shares,95.47872924804688,95.60285159606934,0.0,0.0,0.0,0.0,69.90752455568825,8.0,763.829833984375,1157.792206326123,1921.622040310498,1087.8846817704348,0.0,0.7663839490627173,0.7663839490627173,0.7529648126004755,1096.2125574328124,0.5403181938919597,495.8909379979389,267.9388959864361,833.7373585400633,1921.622040310498,False,False,0.0,0.0,0.0,0.0,0.0,0.0,8.0,68.71831267434082,0.3894219100012666,1.5403181938919597,,
2025-09-12 00:00:00-04:00,0.012451628451531915,0,shares,96.66759490966797,96.79326278305055,0.0,0.0,0.0,0.0,69.90752455568825,8.0,773.3407592773438,1157.792206326123,1931.1329656034668,1087.8846817704348,0.0,0.7751265349749397,0.7751265349749397,0.7616409814953493,1096.2125574328124,0.5594976637394371,495.8909379979389,277.44982127940483,843.248283833032,1931.1329656034668,False,False,0.0,0.0,0.0,0.0,0.0,0.0,8.0,68.71831267434082,0.4067224753870202,1.559497663739437,,
2025-09-15 00:00:00-04:00,0.02552702496327064,0,shares,99.1352310180664,99.2641068183899,0.0,0.0,0.0,0.0,69.90752455568825,8.0,793.0818481445312,1157.792206326123,1950.8740544706543,1087.8846817704348,0.0,0.7932728414704595,0.7932728414704595,0.7796494313469171,1096.2125574328124,0.599306999531876,495.8909379979389,297.19091014659233,862.9893727002195,1950.8740544706543,False,False,0.0,0.0,0.0,0.0,0.0,0.0,8.0,68.71831267434082,0.4426319151326188,1.599306999531876,,
2025-09-16 00:00:00-04:00,-0.0027209789121055428,0,shares,98.86548614501953,98.99401127700807,0.0,0.0,0.0,0.0,69.90752455568825,8.0,790.9238891601562,1157.792206326123,1948.7160954862793,1087.8846817704348,-0.002720978912105654,0.7912892130394911,0.7912892130394911,0.7776808724486057,1096.2125574328124,0.5949553189121668,495.8909379979389,295.03295116221733,860.8314137158445,1948.7160954862793,False,False,0.0,0.0,0.0,0.0,0.0,0.0,8.0,68.71831267434082,0.43870654411361243,1.5949553189121668,,
2025-09-17 00:00:00-04:00,-0.006366170397693494,0,shares,98.23609161376953,98.36379853286743,0.0,0.0,0.0,0.0,69.90752455568825,8.0,785.8887329101562,1157.792206326123,1943.6809392362793,1087.8846817704348,-0.009069827094396188,0.7866608215064788,0.7866608215064788,0.7730876425901632,1096.2125574328124,0.5848015615752644,495.8909379979389,289.99779491221733,855.7962574658445,1943.6809392362793,False,False,0.0,0.0,0.0,0.0,0.0,0.0,8.0,68.71831267434082,0.4295474931015084,1.5848015615752644,,
2025-09-18 00:00:00-04:00,0.02695006003805056,0,shares,100.88356018066406,101.01470880889893,0.0,0.0,0.0,0.0,69.90752455568825,8.0,807.0684814453125,1157.792206326123,1964.8606877714356,1087.8846817704348,0.0,0.8061295656574563,0.8061295656574563,0.7924084836000094,1096.2125574328124,0.6275120588081142,495.8909379979389,311.1775434473736,876.9760060010008,1964.8606877714356,False,False,0.0,0.0,0.0,0.0,0.0,0.0,8.0,68.71831267434082,0.4680738838678389,1.6275120588081142,,
2025-09-19 00:00:00-04:00,0.019805929209763873,0,shares,102.88165283203125,103.0153989807129,0.0,0.0,0.0,0.0,69.90752455568825,8.0,823.05322265625,1157.792206326123,1980.845428982373,1087.8846817704348,0.0,0.8208229807581486,0.8208229807581486,0.8069902735116044,1096.2125574328124,0.6597464474329049,495.8909379979389,327.1622846583111,892.9607472119383,1980.845428982373,False,False,0.0,0.0,0.0,0.0,0.0,0.0,8.0,68.71831267434082,0.49715045128642843,1.659746447432905,,
2025-09-22 00:00:00-04:00,0.016896449540908964,0,shares,104.61998748779297,104.7559934715271,0.0,0.0,0.0,414.5924386081055,899.0924017718993,4.0,418.4799499511719,1986.9770835423342,2405.457033493506,1087.8846817704348,0.0,1.2111323689003877,1.2111323689003877,0.20824743163006043,1990.8645948854005,0.6877902695326576,247.94546899896946,170.53448095220241,1317.5723517230713,2405.457033493506,True,False,4.0,104.48398150405885,417.9359260162354,3.3434874081298833,414.5924386081055,166.64696960913605,4.0,68.71831267434082,0.5224469783417385,1.6877902695326576,104.48398150405885,105.31985335609131
2025-09-23 00:00:00-04:00,-0.02014898396390341,0,shares,102.51200103759766,102.64526663894654,0.0,0.0,0.0,0.0,899.0924017718993,4.0,410.0480041503906,1986.9770835423342,2397.025087692725,1087.8846817704348,-0.0201489839639033,1.20338159720365,1.20338159720365,0.20401211305417988,1990.8645948854005,0.653783010457412,247.94546899896946,162.10253515142116,1309.14040592229,2397.025087692725,False,False,0.0,0.0,0.0,0.0,0.0,0.0,4.0,105.31985335609131,-0.026660237638198914,1.653783010457412,,
2025-09-24 00:00:00-04:00,-0.010749935269375066,0,shares,101.41000366210938,101.54183666687013,0.0,0.0,0.0,0.0,899.0924017718993,4.0,405.6400146484375,1986.9770835423342,2392.6170981907717,1087.8846817704348,-0.030682318959922794,1.1993297068003583,1.1993297068003583,0.20179800491579747,1990.8645948854005,0.6360049501454026,247.94546899896946,157.69454564946804,1304.732416420337,2392.6170981907717,False,False,0.0,0.0,0.0,0.0,0.0,0.0,4.0,105.31985335609131,-0.03712357707869718,1.6360049501454026,,
2025-09-25 00:00:00-04:00,-0.01341091175662501,0,shares,100.05000305175781,100.1800680557251,0.0,0.0,0.0,0.0,899.0924017718993,4.0,400.20001220703125,1986.9770835423342,2387.1770957493654,1087.8846817704348,-0.04368175284448761,1.1943291745449054,1.1943291745449054,0.19906552252830512,1990.8645948854005,0.6140646321256009,247.94546899896946,152.2545432080618,1299.2924139789307,2387.1770957493654,False,False,0.0,0.0,0.0,0.0,0.0,0.0,4.0,105.31985335609131,-0.05003662781902951,1.614064632125601,,
2025-09-26 00:00:00-04:00,0.011993972130329711,0,shares,101.25,101.38162500000001,0.0,0.0,0.0,0.0,899.0924017718993,4.0,405.0,1986.9770835423342,2391.977083542334,1087.8846817704348,-0.03221169844037863,1.1987413956869086,1.1987413956869086,0.20147652918606584,1990.8645948854005,0.6334236783398663,247.94546899896946,157.05453100103054,1304.0924017718994,2391.977083542334,False,False,0.0,0.0,0.0,0.0,0.0,0.0,4.0,105.31985335609131,-0.03864279360825684,1.6334236783398663,,
2025-09-29 00:00:00-04:00,0.013333318262924276,0,shares,102.5999984741211,102.73337847213746,0.0,0.0,0.0,0.0,899.0924017718993,4.0,410.3999938964844,1986.9770835423342,2397.3770774388186,1087.8846817704348,-0.01930786900454906,1.2037051514847166,1.2037051514847166,0.20418891550824836,1990.8645948854005,0.6552026361013685,247.94546899896946,162.45452489751491,1309.4923956683838,2397.3770774388186,False,False,0.0,0.0,0.0,0.0,0.0,0.0,4.0,105.31985335609131,-0.02582471201107983,1.6552026361013685,,
2025-09-30 00:00:00-04:00,0.007797300815356234,0,shares,103.4000015258789,103.53442152786256,0.0,0.0,0.0,0.0,899.0924017718993,4.0,413.6000061035156,1986.9770835423342,2400.57708964585,1087.8846817704348,-0.011661117451924885,1.2066466509475302,1.2066466509475302,0.20579626349929314,1990.8645948854005,0.6681087489654214,247.94546899896946,165.65453710454616,1312.692407875415,2400.57708964585,False,False,0.0,0.0,0.0,0.0,0.0,0.0,4.0,105.31985335609131,-0.018228774243743917,1.6681087489654214,,
2025-10-01 00:00:00-04:00,0.01411991356796305,0,shares,104.86000061035156,104.99631861114503,0.0,0.0,0.0,0.0,899.0924017718993,4.0,419.44000244140625,1986.9770835423342,2406.4170859837404,1087.8846817704348,0.0,1.2120148636227808,1.2120148636227808,0.2087296605534643,1990.8645948854005,0.6916623003227762,247.94546899896946,171.4945334424368,1318.5324042133057,2406.4170859837404,False,False,0.0,0.0,0.0,0.0,0.0,0.0,4.0,105.31985335609131,-0.004366249392552479,1.6916623003227762,,
2025-10-02 00:00:00-04:00,0.012206740147305606,0,shares,106.13999938964844,106.27798138885498,0.0,0.0,0.0,0.0,899.0924017718993,4.0,424.55999755859375,1986.9770835423342,2411.537081100928,1087.8846817704348,0.0,1.2167212403215086,1.2167212403215086,0.21130140507609085,1990.8645948854005,0.7123119824398096,247.94546899896946,176.6145285596243,1323.6523993304932,2411.537081100928,False,False,0.0,0.0,0.0,0.0,0.0,0.0,4.0,105.31985335609131,0.007787193083000021,1.7123119824398096,,
2025-10-03 00:00:00-04:00,-0.013567010078075148,0,shares,104.69999694824219,104.83610694427492,0.0,0.0,0.0,0.0,899.0924017718993,4.0,418.79998779296875,1986.9770835423342,2405.777071335303,1087.8846817704348,-0.013567010078075148,1.2114265525093306,1.2114265525093306,0.2084081848237327,1990.8645948854005,0.68908102851724,247.94546899896946,170.8545187939993,1317.8923895648682,2405.777071335303,False,False,0.0,0.0,0.0,0.0,0.0,0.0,4.0,105.31985335609131,-0.005885465922112143,1.68908102851724,,
2025-10-06 00:00:00-04:00,0.022349608743942317,0,shares,107.04000091552734,107.17915291671754,0.0,0.0,0.0,0.0,899.0924017718993,4.0,428.1600036621094,1986.9770835423342,2415.1370872044436,1087.8846817704348,0.0,1.22003042020412,1.22003042020412,0.21310966773381468,1990.8645948854005,0.7268313286414156,247.94546899896946,180.21453466313991,1327.2524054340088,2415.1370872044436,False,False,0.0,0.0,0.0,0.0,0.0,0.0,4.0,105.31985335609131,0.01633260496119493,1.7268313286414156,,
2025-10-07 00:00:00-04:00,-0.016162213584983598,0,shares,105.30999755859375,105.44690055541993,0.0,0.0,0.0,0.0,899.0924017718993,4.0,421.239990234375,1986.9770835423342,2408.217073776709,1087.8846817704348,-0.016162213584983598,1.2136694395379775,1.2136694395379775,0.209633784217923,1990.8645948854005,0.6989219118826722,247.94546899896946,173.29452123540554,1320.3323920062744,2408.217073776709,False,False,0.0,0.0,0.0,0.0,0.0,0.0,4.0,105.31985335609131,-9.357967357059849e-05,1.6989219118826722,,
2025-10-08 00:00:00-04:00,0.03389991242605328,0,shares,108.87999725341797,109.02154124984742,0.0,0.0,0.0,0.0,899.0924017718993,4.0,435.5199890136719,1986.9770835423342,2422.497072556006,1087.8846817704348,0.0,1.226795829695487,1.226795829695487,0.21680654665288857,1990.8645948854005,0.7565152159141977,247.94546899896946,187.57452001470241,1334.6123907855713,2422.497072556006,False,False,0.0,0.0,0.0,0.0,0.0,0.0,4.0,105.31985335609131,0.03380316040974396,1.7565152159141977,,
2025-10-09 00:00:00-04:00,-0.003949304886323168,0,shares,108.44999694824219,108.59098194427492,0.0,0.0,0.0,0.0,899.0924017718993,4.0,433.79998779296875,1986.9770835423342,2420.777071335303,1087.8846817704348,-0.003949304886323057,1.2252147786433625,1.2252147786433625,0.2159425997902431,1990.8645948854005,0.7495782017890869,247.94546899896946,185.8545187939993,1332.8923895648682,2420.777071335303,False,False,0.0,0.0,0.0,0.0,0.0,0.0,4.0,105.31985335609131,0.029720356536841352,1.7495782017890869,,
2025-10-10 00:00:00-04:00,-0.10493312654355424,1,shares,97.06999969482422,97.1961906944275,97.1961906944275,0.77756952555542,1.0,-97.97376021998292,801.1186415519164,5.0,485.3499984741211,1986.9770835423342,2472.3270820164553,1185.8584419904178,-0.2012177388395361,1.0848416594030814,1.0848416594030814,0.24183587792356565,1990.8645948854005,0.40307319593070323,345.9192292189524,139.43076925516868,1286.4686400260375,2472.3270820164553,False,False,0.0,0.0,0.0,0.0,0.0,0.0,5.0,,,1.4030731959307032,,
2025-10-13 00:00:00-04:00,0.06345939715128934,0,shares,103.2300033569336,103.36420236129761,0.0,0.0,0.0,0.0,801.1186415519164,5.0,516.150016784668,1986.9770835423342,2503.127100327002,1185.8584419904178,-0.1505274980911493,1.1108144207546387,1.1108144207546387,0.2573065525187508,1990.8645948854005,0.4921113751035986,345.9192292189524,170.23078756571556,1317.2686583365844,2503.127100327002,False,False,0.0,0.0,0.0,0.0,0.0,0.0,5.0,103.85063472886964,-0.005976192380107936,1.4921113751035986,,
2025-10-14 00:00:00-04:00,-0.020342982032602763,0,shares,101.12999725341797,101.26146624984742,0.0,0.0,0.0,0.0,801.1186415519164,5.0,505.64998626708984,1986.9770835423342,2492.627069809424,1185.8584419904178,-0.16780830193467122,1.1019600498231856,1.1019600498231856,0.252032446713387,1990.8645948854005,0.46175738020922386,345.9192292189524,159.73075704813743,1306.7686278190063,2492.627069809424,False,False,0.0,0.0,0.0,0.0,0.0,0.0,5.0,103.85063472886964,-0.026197600838498758,1.4617573802092239,,
2025-10-15 00:00:00-04:00,0.0204687011870186,0,shares,103.19999694824219,103.33415694427491,0.0,0.0,0.0,0.0,801.1186415519164,5.0,515.9999847412109,1986.9770835423342,2502.977068283545,1185.8584419904178,-0.15077441873665443,1.1106879030876522,1.1106879030876522,0.25723119227383884,1990.8645948854005,0.4916776552326454,345.9192292189524,170.08075552225853,1317.1186262931274,2502.977068283545,False,False,0.0,0.0,0.0,0.0,0.0,0.0,5.0,103.85063472886964,-0.006265130514860218,1.4916776552326454,,
2025-10-16 00:00:00-04:00,-0.011143352039643228,0,shares,102.05000305175781,102.1826680557251,0.0,0.0,0.0,0.0,801.1186415519164,5.0,510.25001525878906,1986.9770835423342,2497.2270988011232,1185.8584419904178,-0.16023763834974258,1.105839120738242,1.105839120738242,0.2543430151988164,1990.8645948854005,0.4750553659907184,345.9192292189524,164.33078603983665,1311.3686568107055,2497.2270988011232,False,False,0.0,0.0,0.0,0.0,0.0,0.0,5.0,103.85063472886964,-0.017338667999602153,1.4750553659907184,,
2025-10-17 00:00:00-04:00,0.019010237667781205,0,shares,103.98999786376953,104.12518486099243,0.0,0.0,0.0,0.0,801.1186415519164,5.0,519.9499893188477,1986.9770835423342,2506.927072861182,1185.8584419904178,-0.1442735562703139,1.1140188272838039,1.1140188272838039,0.2592152571810076,1990.8645948854005,0.5030965190713381,345.9192292189524,174.03076009989525,1321.068630870764,2506.927072861182,False,False,0.0,0.0,0.0,0.0,0.0,0.0,5.0,103.85063472886964,0.0013419574686639457,1.5030965190713381,,
2025-10-20 00:00:00-04:00,0.03750362155971998,0,shares,107.88999938964844,108.030256388855,0.0,0.0,0.0,0.0,801.1186415519164,5.0,539.4499969482422,1986.9770835423342,2526.4270804905764,1185.8584419904178,-0.11218071556603082,1.1304626176544863,1.1304626176544863,0.2690100004696725,1990.8645948854005,0.559468082090322,345.9192292189524,193.53076772928978,1340.5686385001586,2526.4270804905764,False,False,0.0,0.0,0.0,0.0,0.0,0.0,5.0,103.85063472886964,0.03889590729343806,1.559468082090322,,
2025-10-21 00:00:00-04:00,-0.0011122694157096324,0,shares,107.7699966430664,107.9100976387024,0.0,0.0,0.0,0.0,801.1186415519164,5.0,538.849983215332,1986.9770835423342,2525.827066757666,1185.8584419904178,-0.11316820980278375,1.1299566434912438,1.1299566434912438,0.26870861697304904,1990.8645948854005,0.5577335334378377,345.9192292189524,192.93075399637962,1339.9686247672485,2525.827066757666,False,False,0.0,0.0,0.0,0.0,0.0,0.0,5.0,103.85063472886964,0.037740375149649674,1.5577335334378377,,
2025-10-22 00:00:00-04:00,-0.02941447775529149,0,shares,104.5999984741211,104.73597847213746,0.0,0.0,0.0,0.0,801.1186415519164,5.0,522.9999923706055,1986.9770835423342,2509.9770759129397,1185.8584419904178,-0.1392539037682251,1.1165908063192092,1.1165908063192092,0.2607472564237452,1990.8645948854005,0.5119136150698589,345.9192292189524,177.08076315165306,1324.118633922522,2509.9770759129397,False,False,0.0,0.0,0.0,0.0,0.0,0.0,5.0,103.85063472886964,0.007215783969042322,1.5119136150698589,,
2025-10-23 00:00:00-04:00,0.02504782777057346,0,shares,107.22000122070312,107.35938722229005,0.0,0.0,0.0,0.0,801.1186415519164,5.0,536.1000061035156,1986.9770835423342,2523.07708964585,1185.8584419904178,-0.11769408379561819,1.1276376676215771,1.1276376676215771,0.2673273190591272,1990.8645948854005,0.5497837669041137,345.9192292189524,190.18077688456322,1337.218647655432,2523.07708964585,False,False,0.0,0.0,0.0,0.0,0.0,0.0,5.0,103.85063472886964,0.03244435145370206,1.5497837669041137,,
2025-10-24 00:00:00-04:00,0.03115087017221274,0,shares,110.55999755859375,110.70372555541994,0.0,0.0,0.0,0.0,801.1186415519164,5.0,552.7999877929688,1986.9770835423342,2539.777071335303,1185.8584419904178,-0.09020948674776019,1.1417202773986959,1.1417202773986959,0.2757156251912247,1990.8645948854005,0.5980608798219467,345.9192292189524,206.88075857401634,1353.9186293448852,2539.777071335303,False,False,0.0,0.0,0.0,0.0,0.0,0.0,5.0,103.85063472886964,0.06460589140587092,1.5980608798219467,,
2025-10-27 00:00:00-04:00,0.0530933689960611,0,shares,116.43000030517578,116.58135930557252,0.0,0.0,0.0,0.0,801.1186415519164,5.0,582.1500015258789,1986.9770835423342,2569.127085068213,1185.8584419904178,-0.041905643318543184,1.1664702919819265,1.1664702919819265,0.29045797070699275,1990.8645948854005,0.6829073157925034,345.9192292189524,236.2307723069265,1383.2686430777953,2569.127085068213,False,False,0.0,0.0,0.0,0.0,0.0,0.0,5.0,103.85063472886964,0.1211294048336633,1.6829073157925034,,
2025-10-28 00:00:00-04:00,0.02284631130930781,0,shares,119.08999633789062,119.2448133331299,0.0,0.0,0.0,0.0,801.1186415519164,5.0,595.4499816894531,1986.9770835423342,2582.4270652317873,1185.8584419904178,-0.02001672138210775,1.1776857791704742,1.1776857791704742,0.29713847534690774,1990.8645948854005,0.7213555402338103,345.9192292189524,249.53075247050072,1396.5686232413696,2582.4270652317873,False,False,0.0,0.0,0.0,0.0,0.0,0.0,5.0,103.85063472886964,0.1467430762345121,1.7213555402338103,,
2025-10-29 00:00:00-04:00,0.012763492477976701,0,shares,120.61000061035156,120.76679361114503,0.0,0.0,0.0,0.0,801.1186415519164,5.0,603.0500030517578,1986.9770835423342,2590.027086594092,1185.8584419904178,-0.007508712176925392,1.1840946565652737,1.1840946565652737,0.3009559229934373,1990.8645948854005,0.743326048723508,345.9192292189524,257.1307738328054,1404.1686446036742,2590.027086594092,False,False,0.0,0.0,0.0,0.0,0.0,0.0,5.0,103.85063472886964,0.16137952286220325,1.743326048723508,,
2025-10-30 00:00:00-04:00,-0.04576738449984863,1,shares,115.08999633789062,115.2396133331299,115.2396133331299,0.9219169066650392,1.0,-116.16153023979493,684.9571113121215,6.0,690.5399780273438,1986.9770835423342,2677.517061569678,1302.0199722302127,-0.14921656585266174,1.056433172052956,1.056433172052956,0.3449016414518151,1990.8645948854005,0.4944140475275345,462.08075945874737,228.45921856859638,1375.4970893394652,2677.517061569678,False,False,0.0,0.0,0.0,0.0,0.0,0.0,6.0,,,1.4944140475275345,,
2025-10-31 00:00:00-04:00,0.014162871966969304,0,shares,116.72000122070312,116.87173722229005,0.0,0.0,0.0,0.0,684.9571113121215,6.0,700.3200073242188,1986.9770835423342,2687.297090866553,1302.0199722302127,-0.13716702900321454,1.0639446000690125,1.0639446000690125,0.3498140947256341,1990.8645948854005,0.5155792423483072,462.08075945874737,238.23924786547138,1385.2771186363402,2687.297090866553,False,False,0.0,0.0,0.0,0.0,0.0,0.0,6.0,105.90245064735718,0.10214636684251177,1.5155792423483072,,
2025-11-03 00:00:00-05:00,0.013708005974877313,0,shares,118.31999969482422,118.4738156944275,0.0,0.0,0.0,0.0,684.9571113121215,6.0,709.9199981689453,1986.9770835423342,2696.8970817112795,1302.0199722302127,-0.12533930948146932,1.0713177518251125,1.0713177518251125,0.35463611570555864,1990.8645948854005,0.5363548116578181,462.08075945874737,247.83923871019795,1394.8771094810668,2696.8970817112795,False,False,0.0,0.0,0.0,0.0,0.0,0.0,6.0,105.90245064735718,0.11725459582437825,1.536354811657818,,
2025-11-04 00:00:00-05:00,-0.06118997534181225,1,shares,111.08000183105469,111.22440583343507,111.22440583343507,0.8897952466674806,1.0,-112.11420108010255,572.8429102320189,7.0,777.5600128173828,1986.9770835423342,2764.537096359717,1414.1341733103152,-0.22905636812359675,0.954932670842876,0.954932670842876,0.38861131161903617,1990.8645948854005,0.3541742200030562,574.19496053885,203.36505227853286,1350.4029230494016,2764.537096359717,False,False,0.0,0.0,0.0,0.0,0.0,0.0,7.0,,,1.3541742200030562,,
2025-11-05 00:00:00-05:00,0.019445408688415933,0,shares,113.23999786376953,113.38720986099244,0.0,0.0,0.0,0.0,572.8429102320189,7.0,792.6799850463867,1986.9770835423342,2779.657068588721,1414.1341733103152,-0.21406505412602828,0.9656247059512633,0.9656247059512633,0.39620598795606465,1990.8645948854005,0.3805066911463326,574.19496053885,218.48502450753676,1365.5228952784055,2779.657068588721,False,False,0.0,0.0,0.0,0.0,0.0,0.0,7.0,106.78984356632081,0.060400447102845645,1.3805066911463326,,
